fecha;anio;trimestre;mes;nombre_mes;anio_mes;anio_trimestre;dia;dia_semana_num;nombre_dia;semana_iso;es_dia_habil;es_feriado;inicio_mes;fin_mes
2024-01-01;2024;T1;1;Enero;2024-01;2024-T1;1;1;Lunes;1;0;1;2024-01-01;2024-01-31
2024-01-02;2024;T1;1;Enero;2024-01;2024-T1;2;2;Martes;1;1;0;2024-01-01;2024-01-31
2024-01-03;2024;T1;1;Enero;2024-01;2024-T1;3;3;Miercoles;1;1;0;2024-01-01;2024-01-31
2024-01-04;2024;T1;1;Enero;2024-01;2024-T1;4;4;Jueves;1;1;0;2024-01-01;2024-01-31
2024-01-05;2024;T1;1;Enero;2024-01;2024-T1;5;5;Viernes;1;1;0;2024-01-01;2024-01-31
2024-01-06;2024;T1;1;Enero;2024-01;2024-T1;6;6;Sabado;1;0;0;2024-01-01;2024-01-31
2024-01-07;2024;T1;1;Enero;2024-01;2024-T1;7;7;Domingo;1;0;0;2024-01-01;2024-01-31
2024-01-08;2024;T1;1;Enero;2024-01;2024-T1;8;1;Lunes;2;1;0;2024-01-01;2024-01-31
2024-01-09;2024;T1;1;Enero;2024-01;2024-T1;9;2;Martes;2;1;0;2024-01-01;2024-01-31
2024-01-10;2024;T1;1;Enero;2024-01;2024-T1;10;3;Miercoles;2;1;0;2024-01-01;2024-01-31
2024-01-11;2024;T1;1;Enero;2024-01;2024-T1;11;4;Jueves;2;1;0;2024-01-01;2024-01-31
2024-01-12;2024;T1;1;Enero;2024-01;2024-T1;12;5;Viernes;2;1;0;2024-01-01;2024-01-31
2024-01-13;2024;T1;1;Enero;2024-01;2024-T1;13;6;Sabado;2;0;0;2024-01-01;2024-01-31
2024-01-14;2024;T1;1;Enero;2024-01;2024-T1;14;7;Domingo;2;0;0;2024-01-01;2024-01-31
2024-01-15;2024;T1;1;Enero;2024-01;2024-T1;15;1;Lunes;3;1;0;2024-01-01;2024-01-31
2024-01-16;2024;T1;1;Enero;2024-01;2024-T1;16;2;Martes;3;1;0;2024-01-01;2024-01-31
2024-01-17;2024;T1;1;Enero;2024-01;2024-T1;17;3;Miercoles;3;1;0;2024-01-01;2024-01-31
2024-01-18;2024;T1;1;Enero;2024-01;2024-T1;18;4;Jueves;3;1;0;2024-01-01;2024-01-31
2024-01-19;2024;T1;1;Enero;2024-01;2024-T1;19;5;Viernes;3;1;0;2024-01-01;2024-01-31
2024-01-20;2024;T1;1;Enero;2024-01;2024-T1;20;6;Sabado;3;0;0;2024-01-01;2024-01-31
2024-01-21;2024;T1;1;Enero;2024-01;2024-T1;21;7;Domingo;3;0;0;2024-01-01;2024-01-31
2024-01-22;2024;T1;1;Enero;2024-01;2024-T1;22;1;Lunes;4;1;0;2024-01-01;2024-01-31
2024-01-23;2024;T1;1;Enero;2024-01;2024-T1;23;2;Martes;4;1;0;2024-01-01;2024-01-31
2024-01-24;2024;T1;1;Enero;2024-01;2024-T1;24;3;Miercoles;4;1;0;2024-01-01;2024-01-31
2024-01-25;2024;T1;1;Enero;2024-01;2024-T1;25;4;Jueves;4;1;0;2024-01-01;2024-01-31
2024-01-26;2024;T1;1;Enero;2024-01;2024-T1;26;5;Viernes;4;1;0;2024-01-01;2024-01-31
2024-01-27;2024;T1;1;Enero;2024-01;2024-T1;27;6;Sabado;4;0;0;2024-01-01;2024-01-31
2024-01-28;2024;T1;1;Enero;2024-01;2024-T1;28;7;Domingo;4;0;0;2024-01-01;2024-01-31
2024-01-29;2024;T1;1;Enero;2024-01;2024-T1;29;1;Lunes;5;1;0;2024-01-01;2024-01-31
2024-01-30;2024;T1;1;Enero;2024-01;2024-T1;30;2;Martes;5;1;0;2024-01-01;2024-01-31
2024-01-31;2024;T1;1;Enero;2024-01;2024-T1;31;3;Miercoles;5;1;0;2024-01-01;2024-01-31
2024-02-01;2024;T1;2;Febrero;2024-02;2024-T1;1;4;Jueves;5;1;0;2024-02-01;2024-02-29
2024-02-02;2024;T1;2;Febrero;2024-02;2024-T1;2;5;Viernes;5;1;0;2024-02-01;2024-02-29
2024-02-03;2024;T1;2;Febrero;2024-02;2024-T1;3;6;Sabado;5;0;0;2024-02-01;2024-02-29
2024-02-04;2024;T1;2;Febrero;2024-02;2024-T1;4;7;Domingo;5;0;0;2024-02-01;2024-02-29
2024-02-05;2024;T1;2;Febrero;2024-02;2024-T1;5;1;Lunes;6;1;0;2024-02-01;2024-02-29
2024-02-06;2024;T1;2;Febrero;2024-02;2024-T1;6;2;Martes;6;1;0;2024-02-01;2024-02-29
2024-02-07;2024;T1;2;Febrero;2024-02;2024-T1;7;3;Miercoles;6;1;0;2024-02-01;2024-02-29
2024-02-08;2024;T1;2;Febrero;2024-02;2024-T1;8;4;Jueves;6;1;0;2024-02-01;2024-02-29
2024-02-09;2024;T1;2;Febrero;2024-02;2024-T1;9;5;Viernes;6;1;0;2024-02-01;2024-02-29
2024-02-10;2024;T1;2;Febrero;2024-02;2024-T1;10;6;Sabado;6;0;0;2024-02-01;2024-02-29
2024-02-11;2024;T1;2;Febrero;2024-02;2024-T1;11;7;Domingo;6;0;0;2024-02-01;2024-02-29
2024-02-12;2024;T1;2;Febrero;2024-02;2024-T1;12;1;Lunes;7;1;0;2024-02-01;2024-02-29
2024-02-13;2024;T1;2;Febrero;2024-02;2024-T1;13;2;Martes;7;1;0;2024-02-01;2024-02-29
2024-02-14;2024;T1;2;Febrero;2024-02;2024-T1;14;3;Miercoles;7;1;0;2024-02-01;2024-02-29
2024-02-15;2024;T1;2;Febrero;2024-02;2024-T1;15;4;Jueves;7;1;0;2024-02-01;2024-02-29
2024-02-16;2024;T1;2;Febrero;2024-02;2024-T1;16;5;Viernes;7;1;0;2024-02-01;2024-02-29
2024-02-17;2024;T1;2;Febrero;2024-02;2024-T1;17;6;Sabado;7;0;0;2024-02-01;2024-02-29
2024-02-18;2024;T1;2;Febrero;2024-02;2024-T1;18;7;Domingo;7;0;0;2024-02-01;2024-02-29
2024-02-19;2024;T1;2;Febrero;2024-02;2024-T1;19;1;Lunes;8;1;0;2024-02-01;2024-02-29
2024-02-20;2024;T1;2;Febrero;2024-02;2024-T1;20;2;Martes;8;1;0;2024-02-01;2024-02-29
2024-02-21;2024;T1;2;Febrero;2024-02;2024-T1;21;3;Miercoles;8;1;0;2024-02-01;2024-02-29
2024-02-22;2024;T1;2;Febrero;2024-02;2024-T1;22;4;Jueves;8;1;0;2024-02-01;2024-02-29
2024-02-23;2024;T1;2;Febrero;2024-02;2024-T1;23;5;Viernes;8;1;0;2024-02-01;2024-02-29
2024-02-24;2024;T1;2;Febrero;2024-02;2024-T1;24;6;Sabado;8;0;0;2024-02-01;2024-02-29
2024-02-25;2024;T1;2;Febrero;2024-02;2024-T1;25;7;Domingo;8;0;0;2024-02-01;2024-02-29
2024-02-26;2024;T1;2;Febrero;2024-02;2024-T1;26;1;Lunes;9;1;0;2024-02-01;2024-02-29
2024-02-27;2024;T1;2;Febrero;2024-02;2024-T1;27;2;Martes;9;1;0;2024-02-01;2024-02-29
2024-02-28;2024;T1;2;Febrero;2024-02;2024-T1;28;3;Miercoles;9;1;0;2024-02-01;2024-02-29
2024-02-29;2024;T1;2;Febrero;2024-02;2024-T1;29;4;Jueves;9;1;0;2024-02-01;2024-02-29
2024-03-01;2024;T1;3;Marzo;2024-03;2024-T1;1;5;Viernes;9;1;0;2024-03-01;2024-03-31
2024-03-02;2024;T1;3;Marzo;2024-03;2024-T1;2;6;Sabado;9;0;0;2024-03-01;2024-03-31
2024-03-03;2024;T1;3;Marzo;2024-03;2024-T1;3;7;Domingo;9;0;0;2024-03-01;2024-03-31
2024-03-04;2024;T1;3;Marzo;2024-03;2024-T1;4;1;Lunes;10;1;0;2024-03-01;2024-03-31
2024-03-05;2024;T1;3;Marzo;2024-03;2024-T1;5;2;Martes;10;1;0;2024-03-01;2024-03-31
2024-03-06;2024;T1;3;Marzo;2024-03;2024-T1;6;3;Miercoles;10;1;0;2024-03-01;2024-03-31
2024-03-07;2024;T1;3;Marzo;2024-03;2024-T1;7;4;Jueves;10;1;0;2024-03-01;2024-03-31
2024-03-08;2024;T1;3;Marzo;2024-03;2024-T1;8;5;Viernes;10;1;0;2024-03-01;2024-03-31
2024-03-09;2024;T1;3;Marzo;2024-03;2024-T1;9;6;Sabado;10;0;0;2024-03-01;2024-03-31
2024-03-10;2024;T1;3;Marzo;2024-03;2024-T1;10;7;Domingo;10;0;0;2024-03-01;2024-03-31
2024-03-11;2024;T1;3;Marzo;2024-03;2024-T1;11;1;Lunes;11;1;0;2024-03-01;2024-03-31
2024-03-12;2024;T1;3;Marzo;2024-03;2024-T1;12;2;Martes;11;1;0;2024-03-01;2024-03-31
2024-03-13;2024;T1;3;Marzo;2024-03;2024-T1;13;3;Miercoles;11;1;0;2024-03-01;2024-03-31
2024-03-14;2024;T1;3;Marzo;2024-03;2024-T1;14;4;Jueves;11;1;0;2024-03-01;2024-03-31
2024-03-15;2024;T1;3;Marzo;2024-03;2024-T1;15;5;Viernes;11;1;0;2024-03-01;2024-03-31
2024-03-16;2024;T1;3;Marzo;2024-03;2024-T1;16;6;Sabado;11;0;0;2024-03-01;2024-03-31
2024-03-17;2024;T1;3;Marzo;2024-03;2024-T1;17;7;Domingo;11;0;0;2024-03-01;2024-03-31
2024-03-18;2024;T1;3;Marzo;2024-03;2024-T1;18;1;Lunes;12;1;0;2024-03-01;2024-03-31
2024-03-19;2024;T1;3;Marzo;2024-03;2024-T1;19;2;Martes;12;1;0;2024-03-01;2024-03-31
2024-03-20;2024;T1;3;Marzo;2024-03;2024-T1;20;3;Miercoles;12;1;0;2024-03-01;2024-03-31
2024-03-21;2024;T1;3;Marzo;2024-03;2024-T1;21;4;Jueves;12;1;0;2024-03-01;2024-03-31
2024-03-22;2024;T1;3;Marzo;2024-03;2024-T1;22;5;Viernes;12;1;0;2024-03-01;2024-03-31
2024-03-23;2024;T1;3;Marzo;2024-03;2024-T1;23;6;Sabado;12;0;0;2024-03-01;2024-03-31
2024-03-24;2024;T1;3;Marzo;2024-03;2024-T1;24;7;Domingo;12;0;0;2024-03-01;2024-03-31
2024-03-25;2024;T1;3;Marzo;2024-03;2024-T1;25;1;Lunes;13;1;0;2024-03-01;2024-03-31
2024-03-26;2024;T1;3;Marzo;2024-03;2024-T1;26;2;Martes;13;1;0;2024-03-01;2024-03-31
2024-03-27;2024;T1;3;Marzo;2024-03;2024-T1;27;3;Miercoles;13;1;0;2024-03-01;2024-03-31
2024-03-28;2024;T1;3;Marzo;2024-03;2024-T1;28;4;Jueves;13;1;0;2024-03-01;2024-03-31
2024-03-29;2024;T1;3;Marzo;2024-03;2024-T1;29;5;Viernes;13;0;1;2024-03-01;2024-03-31
2024-03-30;2024;T1;3;Marzo;2024-03;2024-T1;30;6;Sabado;13;0;1;2024-03-01;2024-03-31
2024-03-31;2024;T1;3;Marzo;2024-03;2024-T1;31;7;Domingo;13;0;0;2024-03-01;2024-03-31
2024-04-01;2024;T2;4;Abril;2024-04;2024-T2;1;1;Lunes;14;1;0;2024-04-01;2024-04-30
2024-04-02;2024;T2;4;Abril;2024-04;2024-T2;2;2;Martes;14;1;0;2024-04-01;2024-04-30
2024-04-03;2024;T2;4;Abril;2024-04;2024-T2;3;3;Miercoles;14;1;0;2024-04-01;2024-04-30
2024-04-04;2024;T2;4;Abril;2024-04;2024-T2;4;4;Jueves;14;1;0;2024-04-01;2024-04-30
2024-04-05;2024;T2;4;Abril;2024-04;2024-T2;5;5;Viernes;14;1;0;2024-04-01;2024-04-30
2024-04-06;2024;T2;4;Abril;2024-04;2024-T2;6;6;Sabado;14;0;0;2024-04-01;2024-04-30
2024-04-07;2024;T2;4;Abril;2024-04;2024-T2;7;7;Domingo;14;0;0;2024-04-01;2024-04-30
2024-04-08;2024;T2;4;Abril;2024-04;2024-T2;8;1;Lunes;15;1;0;2024-04-01;2024-04-30
2024-04-09;2024;T2;4;Abril;2024-04;2024-T2;9;2;Martes;15;1;0;2024-04-01;2024-04-30
2024-04-10;2024;T2;4;Abril;2024-04;2024-T2;10;3;Miercoles;15;1;0;2024-04-01;2024-04-30
2024-04-11;2024;T2;4;Abril;2024-04;2024-T2;11;4;Jueves;15;1;0;2024-04-01;2024-04-30
2024-04-12;2024;T2;4;Abril;2024-04;2024-T2;12;5;Viernes;15;1;0;2024-04-01;2024-04-30
2024-04-13;2024;T2;4;Abril;2024-04;2024-T2;13;6;Sabado;15;0;0;2024-04-01;2024-04-30
2024-04-14;2024;T2;4;Abril;2024-04;2024-T2;14;7;Domingo;15;0;0;2024-04-01;2024-04-30
2024-04-15;2024;T2;4;Abril;2024-04;2024-T2;15;1;Lunes;16;1;0;2024-04-01;2024-04-30
2024-04-16;2024;T2;4;Abril;2024-04;2024-T2;16;2;Martes;16;1;0;2024-04-01;2024-04-30
2024-04-17;2024;T2;4;Abril;2024-04;2024-T2;17;3;Miercoles;16;1;0;2024-04-01;2024-04-30
2024-04-18;2024;T2;4;Abril;2024-04;2024-T2;18;4;Jueves;16;1;0;2024-04-01;2024-04-30
2024-04-19;2024;T2;4;Abril;2024-04;2024-T2;19;5;Viernes;16;1;0;2024-04-01;2024-04-30
2024-04-20;2024;T2;4;Abril;2024-04;2024-T2;20;6;Sabado;16;0;0;2024-04-01;2024-04-30
2024-04-21;2024;T2;4;Abril;2024-04;2024-T2;21;7;Domingo;16;0;0;2024-04-01;2024-04-30
2024-04-22;2024;T2;4;Abril;2024-04;2024-T2;22;1;Lunes;17;1;0;2024-04-01;2024-04-30
2024-04-23;2024;T2;4;Abril;2024-04;2024-T2;23;2;Martes;17;1;0;2024-04-01;2024-04-30
2024-04-24;2024;T2;4;Abril;2024-04;2024-T2;24;3;Miercoles;17;1;0;2024-04-01;2024-04-30
2024-04-25;2024;T2;4;Abril;2024-04;2024-T2;25;4;Jueves;17;1;0;2024-04-01;2024-04-30
2024-04-26;2024;T2;4;Abril;2024-04;2024-T2;26;5;Viernes;17;1;0;2024-04-01;2024-04-30
2024-04-27;2024;T2;4;Abril;2024-04;2024-T2;27;6;Sabado;17;0;0;2024-04-01;2024-04-30
2024-04-28;2024;T2;4;Abril;2024-04;2024-T2;28;7;Domingo;17;0;0;2024-04-01;2024-04-30
2024-04-29;2024;T2;4;Abril;2024-04;2024-T2;29;1;Lunes;18;1;0;2024-04-01;2024-04-30
2024-04-30;2024;T2;4;Abril;2024-04;2024-T2;30;2;Martes;18;1;0;2024-04-01;2024-04-30
2024-05-01;2024;T2;5;Mayo;2024-05;2024-T2;1;3;Miercoles;18;0;1;2024-05-01;2024-05-31
2024-05-02;2024;T2;5;Mayo;2024-05;2024-T2;2;4;Jueves;18;1;0;2024-05-01;2024-05-31
2024-05-03;2024;T2;5;Mayo;2024-05;2024-T2;3;5;Viernes;18;1;0;2024-05-01;2024-05-31
2024-05-04;2024;T2;5;Mayo;2024-05;2024-T2;4;6;Sabado;18;0;0;2024-05-01;2024-05-31
2024-05-05;2024;T2;5;Mayo;2024-05;2024-T2;5;7;Domingo;18;0;0;2024-05-01;2024-05-31
2024-05-06;2024;T2;5;Mayo;2024-05;2024-T2;6;1;Lunes;19;1;0;2024-05-01;2024-05-31
2024-05-07;2024;T2;5;Mayo;2024-05;2024-T2;7;2;Martes;19;1;0;2024-05-01;2024-05-31
2024-05-08;2024;T2;5;Mayo;2024-05;2024-T2;8;3;Miercoles;19;1;0;2024-05-01;2024-05-31
2024-05-09;2024;T2;5;Mayo;2024-05;2024-T2;9;4;Jueves;19;1;0;2024-05-01;2024-05-31
2024-05-10;2024;T2;5;Mayo;2024-05;2024-T2;10;5;Viernes;19;1;0;2024-05-01;2024-05-31
2024-05-11;2024;T2;5;Mayo;2024-05;2024-T2;11;6;Sabado;19;0;0;2024-05-01;2024-05-31
2024-05-12;2024;T2;5;Mayo;2024-05;2024-T2;12;7;Domingo;19;0;0;2024-05-01;2024-05-31
2024-05-13;2024;T2;5;Mayo;2024-05;2024-T2;13;1;Lunes;20;1;0;2024-05-01;2024-05-31
2024-05-14;2024;T2;5;Mayo;2024-05;2024-T2;14;2;Martes;20;1;0;2024-05-01;2024-05-31
2024-05-15;2024;T2;5;Mayo;2024-05;2024-T2;15;3;Miercoles;20;1;0;2024-05-01;2024-05-31
2024-05-16;2024;T2;5;Mayo;2024-05;2024-T2;16;4;Jueves;20;1;0;2024-05-01;2024-05-31
2024-05-17;2024;T2;5;Mayo;2024-05;2024-T2;17;5;Viernes;20;1;0;2024-05-01;2024-05-31
2024-05-18;2024;T2;5;Mayo;2024-05;2024-T2;18;6;Sabado;20;0;0;2024-05-01;2024-05-31
2024-05-19;2024;T2;5;Mayo;2024-05;2024-T2;19;7;Domingo;20;0;0;2024-05-01;2024-05-31
2024-05-20;2024;T2;5;Mayo;2024-05;2024-T2;20;1;Lunes;21;1;0;2024-05-01;2024-05-31
2024-05-21;2024;T2;5;Mayo;2024-05;2024-T2;21;2;Martes;21;0;1;2024-05-01;2024-05-31
2024-05-22;2024;T2;5;Mayo;2024-05;2024-T2;22;3;Miercoles;21;1;0;2024-05-01;2024-05-31
2024-05-23;2024;T2;5;Mayo;2024-05;2024-T2;23;4;Jueves;21;1;0;2024-05-01;2024-05-31
2024-05-24;2024;T2;5;Mayo;2024-05;2024-T2;24;5;Viernes;21;1;0;2024-05-01;2024-05-31
2024-05-25;2024;T2;5;Mayo;2024-05;2024-T2;25;6;Sabado;21;0;0;2024-05-01;2024-05-31
2024-05-26;2024;T2;5;Mayo;2024-05;2024-T2;26;7;Domingo;21;0;0;2024-05-01;2024-05-31
2024-05-27;2024;T2;5;Mayo;2024-05;2024-T2;27;1;Lunes;22;1;0;2024-05-01;2024-05-31
2024-05-28;2024;T2;5;Mayo;2024-05;2024-T2;28;2;Martes;22;1;0;2024-05-01;2024-05-31
2024-05-29;2024;T2;5;Mayo;2024-05;2024-T2;29;3;Miercoles;22;1;0;2024-05-01;2024-05-31
2024-05-30;2024;T2;5;Mayo;2024-05;2024-T2;30;4;Jueves;22;1;0;2024-05-01;2024-05-31
2024-05-31;2024;T2;5;Mayo;2024-05;2024-T2;31;5;Viernes;22;1;0;2024-05-01;2024-05-31
2024-06-01;2024;T2;6;Junio;2024-06;2024-T2;1;6;Sabado;22;0;0;2024-06-01;2024-06-30
2024-06-02;2024;T2;6;Junio;2024-06;2024-T2;2;7;Domingo;22;0;0;2024-06-01;2024-06-30
2024-06-03;2024;T2;6;Junio;2024-06;2024-T2;3;1;Lunes;23;1;0;2024-06-01;2024-06-30
2024-06-04;2024;T2;6;Junio;2024-06;2024-T2;4;2;Martes;23;1;0;2024-06-01;2024-06-30
2024-06-05;2024;T2;6;Junio;2024-06;2024-T2;5;3;Miercoles;23;1;0;2024-06-01;2024-06-30
2024-06-06;2024;T2;6;Junio;2024-06;2024-T2;6;4;Jueves;23;1;0;2024-06-01;2024-06-30
2024-06-07;2024;T2;6;Junio;2024-06;2024-T2;7;5;Viernes;23;1;0;2024-06-01;2024-06-30
2024-06-08;2024;T2;6;Junio;2024-06;2024-T2;8;6;Sabado;23;0;0;2024-06-01;2024-06-30
2024-06-09;2024;T2;6;Junio;2024-06;2024-T2;9;7;Domingo;23;0;0;2024-06-01;2024-06-30
2024-06-10;2024;T2;6;Junio;2024-06;2024-T2;10;1;Lunes;24;1;0;2024-06-01;2024-06-30
2024-06-11;2024;T2;6;Junio;2024-06;2024-T2;11;2;Martes;24;1;0;2024-06-01;2024-06-30
2024-06-12;2024;T2;6;Junio;2024-06;2024-T2;12;3;Miercoles;24;1;0;2024-06-01;2024-06-30
2024-06-13;2024;T2;6;Junio;2024-06;2024-T2;13;4;Jueves;24;1;0;2024-06-01;2024-06-30
2024-06-14;2024;T2;6;Junio;2024-06;2024-T2;14;5;Viernes;24;1;0;2024-06-01;2024-06-30
2024-06-15;2024;T2;6;Junio;2024-06;2024-T2;15;6;Sabado;24;0;0;2024-06-01;2024-06-30
2024-06-16;2024;T2;6;Junio;2024-06;2024-T2;16;7;Domingo;24;0;0;2024-06-01;2024-06-30
2024-06-17;2024;T2;6;Junio;2024-06;2024-T2;17;1;Lunes;25;1;0;2024-06-01;2024-06-30
2024-06-18;2024;T2;6;Junio;2024-06;2024-T2;18;2;Martes;25;1;0;2024-06-01;2024-06-30
2024-06-19;2024;T2;6;Junio;2024-06;2024-T2;19;3;Miercoles;25;1;0;2024-06-01;2024-06-30
2024-06-20;2024;T2;6;Junio;2024-06;2024-T2;20;4;Jueves;25;0;1;2024-06-01;2024-06-30
2024-06-21;2024;T2;6;Junio;2024-06;2024-T2;21;5;Viernes;25;1;0;2024-06-01;2024-06-30
2024-06-22;2024;T2;6;Junio;2024-06;2024-T2;22;6;Sabado;25;0;0;2024-06-01;2024-06-30
2024-06-23;2024;T2;6;Junio;2024-06;2024-T2;23;7;Domingo;25;0;0;2024-06-01;2024-06-30
2024-06-24;2024;T2;6;Junio;2024-06;2024-T2;24;1;Lunes;26;1;0;2024-06-01;2024-06-30
2024-06-25;2024;T2;6;Junio;2024-06;2024-T2;25;2;Martes;26;1;0;2024-06-01;2024-06-30
2024-06-26;2024;T2;6;Junio;2024-06;2024-T2;26;3;Miercoles;26;1;0;2024-06-01;2024-06-30
2024-06-27;2024;T2;6;Junio;2024-06;2024-T2;27;4;Jueves;26;1;0;2024-06-01;2024-06-30
2024-06-28;2024;T2;6;Junio;2024-06;2024-T2;28;5;Viernes;26;1;0;2024-06-01;2024-06-30
2024-06-29;2024;T2;6;Junio;2024-06;2024-T2;29;6;Sabado;26;0;1;2024-06-01;2024-06-30
2024-06-30;2024;T2;6;Junio;2024-06;2024-T2;30;7;Domingo;26;0;0;2024-06-01;2024-06-30
2024-07-01;2024;T3;7;Julio;2024-07;2024-T3;1;1;Lunes;27;1;0;2024-07-01;2024-07-31
2024-07-02;2024;T3;7;Julio;2024-07;2024-T3;2;2;Martes;27;1;0;2024-07-01;2024-07-31
2024-07-03;2024;T3;7;Julio;2024-07;2024-T3;3;3;Miercoles;27;1;0;2024-07-01;2024-07-31
2024-07-04;2024;T3;7;Julio;2024-07;2024-T3;4;4;Jueves;27;1;0;2024-07-01;2024-07-31
2024-07-05;2024;T3;7;Julio;2024-07;2024-T3;5;5;Viernes;27;1;0;2024-07-01;2024-07-31
2024-07-06;2024;T3;7;Julio;2024-07;2024-T3;6;6;Sabado;27;0;0;2024-07-01;2024-07-31
2024-07-07;2024;T3;7;Julio;2024-07;2024-T3;7;7;Domingo;27;0;0;2024-07-01;2024-07-31
2024-07-08;2024;T3;7;Julio;2024-07;2024-T3;8;1;Lunes;28;1;0;2024-07-01;2024-07-31
2024-07-09;2024;T3;7;Julio;2024-07;2024-T3;9;2;Martes;28;1;0;2024-07-01;2024-07-31
2024-07-10;2024;T3;7;Julio;2024-07;2024-T3;10;3;Miercoles;28;1;0;2024-07-01;2024-07-31
2024-07-11;2024;T3;7;Julio;2024-07;2024-T3;11;4;Jueves;28;1;0;2024-07-01;2024-07-31
2024-07-12;2024;T3;7;Julio;2024-07;2024-T3;12;5;Viernes;28;1;0;2024-07-01;2024-07-31
2024-07-13;2024;T3;7;Julio;2024-07;2024-T3;13;6;Sabado;28;0;0;2024-07-01;2024-07-31
2024-07-14;2024;T3;7;Julio;2024-07;2024-T3;14;7;Domingo;28;0;0;2024-07-01;2024-07-31
2024-07-15;2024;T3;7;Julio;2024-07;2024-T3;15;1;Lunes;29;1;0;2024-07-01;2024-07-31
2024-07-16;2024;T3;7;Julio;2024-07;2024-T3;16;2;Martes;29;0;1;2024-07-01;2024-07-31
2024-07-17;2024;T3;7;Julio;2024-07;2024-T3;17;3;Miercoles;29;1;0;2024-07-01;2024-07-31
2024-07-18;2024;T3;7;Julio;2024-07;2024-T3;18;4;Jueves;29;1;0;2024-07-01;2024-07-31
2024-07-19;2024;T3;7;Julio;2024-07;2024-T3;19;5;Viernes;29;1;0;2024-07-01;2024-07-31
2024-07-20;2024;T3;7;Julio;2024-07;2024-T3;20;6;Sabado;29;0;0;2024-07-01;2024-07-31
2024-07-21;2024;T3;7;Julio;2024-07;2024-T3;21;7;Domingo;29;0;0;2024-07-01;2024-07-31
2024-07-22;2024;T3;7;Julio;2024-07;2024-T3;22;1;Lunes;30;1;0;2024-07-01;2024-07-31
2024-07-23;2024;T3;7;Julio;2024-07;2024-T3;23;2;Martes;30;1;0;2024-07-01;2024-07-31
2024-07-24;2024;T3;7;Julio;2024-07;2024-T3;24;3;Miercoles;30;1;0;2024-07-01;2024-07-31
2024-07-25;2024;T3;7;Julio;2024-07;2024-T3;25;4;Jueves;30;1;0;2024-07-01;2024-07-31
2024-07-26;2024;T3;7;Julio;2024-07;2024-T3;26;5;Viernes;30;1;0;2024-07-01;2024-07-31
2024-07-27;2024;T3;7;Julio;2024-07;2024-T3;27;6;Sabado;30;0;0;2024-07-01;2024-07-31
2024-07-28;2024;T3;7;Julio;2024-07;2024-T3;28;7;Domingo;30;0;0;2024-07-01;2024-07-31
2024-07-29;2024;T3;7;Julio;2024-07;2024-T3;29;1;Lunes;31;1;0;2024-07-01;2024-07-31
2024-07-30;2024;T3;7;Julio;2024-07;2024-T3;30;2;Martes;31;1;0;2024-07-01;2024-07-31
2024-07-31;2024;T3;7;Julio;2024-07;2024-T3;31;3;Miercoles;31;1;0;2024-07-01;2024-07-31
2024-08-01;2024;T3;8;Agosto;2024-08;2024-T3;1;4;Jueves;31;1;0;2024-08-01;2024-08-31
2024-08-02;2024;T3;8;Agosto;2024-08;2024-T3;2;5;Viernes;31;1;0;2024-08-01;2024-08-31
2024-08-03;2024;T3;8;Agosto;2024-08;2024-T3;3;6;Sabado;31;0;0;2024-08-01;2024-08-31
2024-08-04;2024;T3;8;Agosto;2024-08;2024-T3;4;7;Domingo;31;0;0;2024-08-01;2024-08-31
2024-08-05;2024;T3;8;Agosto;2024-08;2024-T3;5;1;Lunes;32;1;0;2024-08-01;2024-08-31
2024-08-06;2024;T3;8;Agosto;2024-08;2024-T3;6;2;Martes;32;1;0;2024-08-01;2024-08-31
2024-08-07;2024;T3;8;Agosto;2024-08;2024-T3;7;3;Miercoles;32;1;0;2024-08-01;2024-08-31
2024-08-08;2024;T3;8;Agosto;2024-08;2024-T3;8;4;Jueves;32;1;0;2024-08-01;2024-08-31
2024-08-09;2024;T3;8;Agosto;2024-08;2024-T3;9;5;Viernes;32;1;0;2024-08-01;2024-08-31
2024-08-10;2024;T3;8;Agosto;2024-08;2024-T3;10;6;Sabado;32;0;0;2024-08-01;2024-08-31
2024-08-11;2024;T3;8;Agosto;2024-08;2024-T3;11;7;Domingo;32;0;0;2024-08-01;2024-08-31
2024-08-12;2024;T3;8;Agosto;2024-08;2024-T3;12;1;Lunes;33;1;0;2024-08-01;2024-08-31
2024-08-13;2024;T3;8;Agosto;2024-08;2024-T3;13;2;Martes;33;1;0;2024-08-01;2024-08-31
2024-08-14;2024;T3;8;Agosto;2024-08;2024-T3;14;3;Miercoles;33;1;0;2024-08-01;2024-08-31
2024-08-15;2024;T3;8;Agosto;2024-08;2024-T3;15;4;Jueves;33;0;1;2024-08-01;2024-08-31
2024-08-16;2024;T3;8;Agosto;2024-08;2024-T3;16;5;Viernes;33;1;0;2024-08-01;2024-08-31
2024-08-17;2024;T3;8;Agosto;2024-08;2024-T3;17;6;Sabado;33;0;0;2024-08-01;2024-08-31
2024-08-18;2024;T3;8;Agosto;2024-08;2024-T3;18;7;Domingo;33;0;0;2024-08-01;2024-08-31
2024-08-19;2024;T3;8;Agosto;2024-08;2024-T3;19;1;Lunes;34;1;0;2024-08-01;2024-08-31
2024-08-20;2024;T3;8;Agosto;2024-08;2024-T3;20;2;Martes;34;1;0;2024-08-01;2024-08-31
2024-08-21;2024;T3;8;Agosto;2024-08;2024-T3;21;3;Miercoles;34;1;0;2024-08-01;2024-08-31
2024-08-22;2024;T3;8;Agosto;2024-08;2024-T3;22;4;Jueves;34;1;0;2024-08-01;2024-08-31
2024-08-23;2024;T3;8;Agosto;2024-08;2024-T3;23;5;Viernes;34;1;0;2024-08-01;2024-08-31
2024-08-24;2024;T3;8;Agosto;2024-08;2024-T3;24;6;Sabado;34;0;0;2024-08-01;2024-08-31
2024-08-25;2024;T3;8;Agosto;2024-08;2024-T3;25;7;Domingo;34;0;0;2024-08-01;2024-08-31
2024-08-26;2024;T3;8;Agosto;2024-08;2024-T3;26;1;Lunes;35;1;0;2024-08-01;2024-08-31
2024-08-27;2024;T3;8;Agosto;2024-08;2024-T3;27;2;Martes;35;1;0;2024-08-01;2024-08-31
2024-08-28;2024;T3;8;Agosto;2024-08;2024-T3;28;3;Miercoles;35;1;0;2024-08-01;2024-08-31
2024-08-29;2024;T3;8;Agosto;2024-08;2024-T3;29;4;Jueves;35;1;0;2024-08-01;2024-08-31
2024-08-30;2024;T3;8;Agosto;2024-08;2024-T3;30;5;Viernes;35;1;0;2024-08-01;2024-08-31
2024-08-31;2024;T3;8;Agosto;2024-08;2024-T3;31;6;Sabado;35;0;0;2024-08-01;2024-08-31
2024-09-01;2024;T3;9;Septiembre;2024-09;2024-T3;1;7;Domingo;35;0;0;2024-09-01;2024-09-30
2024-09-02;2024;T3;9;Septiembre;2024-09;2024-T3;2;1;Lunes;36;1;0;2024-09-01;2024-09-30
2024-09-03;2024;T3;9;Septiembre;2024-09;2024-T3;3;2;Martes;36;1;0;2024-09-01;2024-09-30
2024-09-04;2024;T3;9;Septiembre;2024-09;2024-T3;4;3;Miercoles;36;1;0;2024-09-01;2024-09-30
2024-09-05;2024;T3;9;Septiembre;2024-09;2024-T3;5;4;Jueves;36;1;0;2024-09-01;2024-09-30
2024-09-06;2024;T3;9;Septiembre;2024-09;2024-T3;6;5;Viernes;36;1;0;2024-09-01;2024-09-30
2024-09-07;2024;T3;9;Septiembre;2024-09;2024-T3;7;6;Sabado;36;0;0;2024-09-01;2024-09-30
2024-09-08;2024;T3;9;Septiembre;2024-09;2024-T3;8;7;Domingo;36;0;0;2024-09-01;2024-09-30
2024-09-09;2024;T3;9;Septiembre;2024-09;2024-T3;9;1;Lunes;37;1;0;2024-09-01;2024-09-30
2024-09-10;2024;T3;9;Septiembre;2024-09;2024-T3;10;2;Martes;37;1;0;2024-09-01;2024-09-30
2024-09-11;2024;T3;9;Septiembre;2024-09;2024-T3;11;3;Miercoles;37;1;0;2024-09-01;2024-09-30
2024-09-12;2024;T3;9;Septiembre;2024-09;2024-T3;12;4;Jueves;37;1;0;2024-09-01;2024-09-30
2024-09-13;2024;T3;9;Septiembre;2024-09;2024-T3;13;5;Viernes;37;1;0;2024-09-01;2024-09-30
2024-09-14;2024;T3;9;Septiembre;2024-09;2024-T3;14;6;Sabado;37;0;0;2024-09-01;2024-09-30
2024-09-15;2024;T3;9;Septiembre;2024-09;2024-T3;15;7;Domingo;37;0;0;2024-09-01;2024-09-30
2024-09-16;2024;T3;9;Septiembre;2024-09;2024-T3;16;1;Lunes;38;1;0;2024-09-01;2024-09-30
2024-09-17;2024;T3;9;Septiembre;2024-09;2024-T3;17;2;Martes;38;1;0;2024-09-01;2024-09-30
2024-09-18;2024;T3;9;Septiembre;2024-09;2024-T3;18;3;Miercoles;38;0;1;2024-09-01;2024-09-30
2024-09-19;2024;T3;9;Septiembre;2024-09;2024-T3;19;4;Jueves;38;0;1;2024-09-01;2024-09-30
2024-09-20;2024;T3;9;Septiembre;2024-09;2024-T3;20;5;Viernes;38;1;0;2024-09-01;2024-09-30
2024-09-21;2024;T3;9;Septiembre;2024-09;2024-T3;21;6;Sabado;38;0;0;2024-09-01;2024-09-30
2024-09-22;2024;T3;9;Septiembre;2024-09;2024-T3;22;7;Domingo;38;0;0;2024-09-01;2024-09-30
2024-09-23;2024;T3;9;Septiembre;2024-09;2024-T3;23;1;Lunes;39;1;0;2024-09-01;2024-09-30
2024-09-24;2024;T3;9;Septiembre;2024-09;2024-T3;24;2;Martes;39;1;0;2024-09-01;2024-09-30
2024-09-25;2024;T3;9;Septiembre;2024-09;2024-T3;25;3;Miercoles;39;1;0;2024-09-01;2024-09-30
2024-09-26;2024;T3;9;Septiembre;2024-09;2024-T3;26;4;Jueves;39;1;0;2024-09-01;2024-09-30
2024-09-27;2024;T3;9;Septiembre;2024-09;2024-T3;27;5;Viernes;39;1;0;2024-09-01;2024-09-30
2024-09-28;2024;T3;9;Septiembre;2024-09;2024-T3;28;6;Sabado;39;0;0;2024-09-01;2024-09-30
2024-09-29;2024;T3;9;Septiembre;2024-09;2024-T3;29;7;Domingo;39;0;0;2024-09-01;2024-09-30
2024-09-30;2024;T3;9;Septiembre;2024-09;2024-T3;30;1;Lunes;40;1;0;2024-09-01;2024-09-30
2024-10-01;2024;T4;10;Octubre;2024-10;2024-T4;1;2;Martes;40;1;0;2024-10-01;2024-10-31
2024-10-02;2024;T4;10;Octubre;2024-10;2024-T4;2;3;Miercoles;40;1;0;2024-10-01;2024-10-31
2024-10-03;2024;T4;10;Octubre;2024-10;2024-T4;3;4;Jueves;40;1;0;2024-10-01;2024-10-31
2024-10-04;2024;T4;10;Octubre;2024-10;2024-T4;4;5;Viernes;40;1;0;2024-10-01;2024-10-31
2024-10-05;2024;T4;10;Octubre;2024-10;2024-T4;5;6;Sabado;40;0;0;2024-10-01;2024-10-31
2024-10-06;2024;T4;10;Octubre;2024-10;2024-T4;6;7;Domingo;40;0;0;2024-10-01;2024-10-31
2024-10-07;2024;T4;10;Octubre;2024-10;2024-T4;7;1;Lunes;41;1;0;2024-10-01;2024-10-31
2024-10-08;2024;T4;10;Octubre;2024-10;2024-T4;8;2;Martes;41;1;0;2024-10-01;2024-10-31
2024-10-09;2024;T4;10;Octubre;2024-10;2024-T4;9;3;Miercoles;41;1;0;2024-10-01;2024-10-31
2024-10-10;2024;T4;10;Octubre;2024-10;2024-T4;10;4;Jueves;41;1;0;2024-10-01;2024-10-31
2024-10-11;2024;T4;10;Octubre;2024-10;2024-T4;11;5;Viernes;41;1;0;2024-10-01;2024-10-31
2024-10-12;2024;T4;10;Octubre;2024-10;2024-T4;12;6;Sabado;41;0;1;2024-10-01;2024-10-31
2024-10-13;2024;T4;10;Octubre;2024-10;2024-T4;13;7;Domingo;41;0;0;2024-10-01;2024-10-31
2024-10-14;2024;T4;10;Octubre;2024-10;2024-T4;14;1;Lunes;42;1;0;2024-10-01;2024-10-31
2024-10-15;2024;T4;10;Octubre;2024-10;2024-T4;15;2;Martes;42;1;0;2024-10-01;2024-10-31
2024-10-16;2024;T4;10;Octubre;2024-10;2024-T4;16;3;Miercoles;42;1;0;2024-10-01;2024-10-31
2024-10-17;2024;T4;10;Octubre;2024-10;2024-T4;17;4;Jueves;42;1;0;2024-10-01;2024-10-31
2024-10-18;2024;T4;10;Octubre;2024-10;2024-T4;18;5;Viernes;42;1;0;2024-10-01;2024-10-31
2024-10-19;2024;T4;10;Octubre;2024-10;2024-T4;19;6;Sabado;42;0;0;2024-10-01;2024-10-31
2024-10-20;2024;T4;10;Octubre;2024-10;2024-T4;20;7;Domingo;42;0;0;2024-10-01;2024-10-31
2024-10-21;2024;T4;10;Octubre;2024-10;2024-T4;21;1;Lunes;43;1;0;2024-10-01;2024-10-31
2024-10-22;2024;T4;10;Octubre;2024-10;2024-T4;22;2;Martes;43;1;0;2024-10-01;2024-10-31
2024-10-23;2024;T4;10;Octubre;2024-10;2024-T4;23;3;Miercoles;43;1;0;2024-10-01;2024-10-31
2024-10-24;2024;T4;10;Octubre;2024-10;2024-T4;24;4;Jueves;43;1;0;2024-10-01;2024-10-31
2024-10-25;2024;T4;10;Octubre;2024-10;2024-T4;25;5;Viernes;43;1;0;2024-10-01;2024-10-31
2024-10-26;2024;T4;10;Octubre;2024-10;2024-T4;26;6;Sabado;43;0;0;2024-10-01;2024-10-31
2024-10-27;2024;T4;10;Octubre;2024-10;2024-T4;27;7;Domingo;43;0;0;2024-10-01;2024-10-31
2024-10-28;2024;T4;10;Octubre;2024-10;2024-T4;28;1;Lunes;44;1;0;2024-10-01;2024-10-31
2024-10-29;2024;T4;10;Octubre;2024-10;2024-T4;29;2;Martes;44;1;0;2024-10-01;2024-10-31
2024-10-30;2024;T4;10;Octubre;2024-10;2024-T4;30;3;Miercoles;44;1;0;2024-10-01;2024-10-31
2024-10-31;2024;T4;10;Octubre;2024-10;2024-T4;31;4;Jueves;44;0;1;2024-10-01;2024-10-31
2024-11-01;2024;T4;11;Noviembre;2024-11;2024-T4;1;5;Viernes;44;0;1;2024-11-01;2024-11-30
2024-11-02;2024;T4;11;Noviembre;2024-11;2024-T4;2;6;Sabado;44;0;0;2024-11-01;2024-11-30
2024-11-03;2024;T4;11;Noviembre;2024-11;2024-T4;3;7;Domingo;44;0;0;2024-11-01;2024-11-30
2024-11-04;2024;T4;11;Noviembre;2024-11;2024-T4;4;1;Lunes;45;1;0;2024-11-01;2024-11-30
2024-11-05;2024;T4;11;Noviembre;2024-11;2024-T4;5;2;Martes;45;1;0;2024-11-01;2024-11-30
2024-11-06;2024;T4;11;Noviembre;2024-11;2024-T4;6;3;Miercoles;45;1;0;2024-11-01;2024-11-30
2024-11-07;2024;T4;11;Noviembre;2024-11;2024-T4;7;4;Jueves;45;1;0;2024-11-01;2024-11-30
2024-11-08;2024;T4;11;Noviembre;2024-11;2024-T4;8;5;Viernes;45;1;0;2024-11-01;2024-11-30
2024-11-09;2024;T4;11;Noviembre;2024-11;2024-T4;9;6;Sabado;45;0;0;2024-11-01;2024-11-30
2024-11-10;2024;T4;11;Noviembre;2024-11;2024-T4;10;7;Domingo;45;0;0;2024-11-01;2024-11-30
2024-11-11;2024;T4;11;Noviembre;2024-11;2024-T4;11;1;Lunes;46;1;0;2024-11-01;2024-11-30
2024-11-12;2024;T4;11;Noviembre;2024-11;2024-T4;12;2;Martes;46;1;0;2024-11-01;2024-11-30
2024-11-13;2024;T4;11;Noviembre;2024-11;2024-T4;13;3;Miercoles;46;1;0;2024-11-01;2024-11-30
2024-11-14;2024;T4;11;Noviembre;2024-11;2024-T4;14;4;Jueves;46;1;0;2024-11-01;2024-11-30
2024-11-15;2024;T4;11;Noviembre;2024-11;2024-T4;15;5;Viernes;46;1;0;2024-11-01;2024-11-30
2024-11-16;2024;T4;11;Noviembre;2024-11;2024-T4;16;6;Sabado;46;0;0;2024-11-01;2024-11-30
2024-11-17;2024;T4;11;Noviembre;2024-11;2024-T4;17;7;Domingo;46;0;0;2024-11-01;2024-11-30
2024-11-18;2024;T4;11;Noviembre;2024-11;2024-T4;18;1;Lunes;47;1;0;2024-11-01;2024-11-30
2024-11-19;2024;T4;11;Noviembre;2024-11;2024-T4;19;2;Martes;47;1;0;2024-11-01;2024-11-30
2024-11-20;2024;T4;11;Noviembre;2024-11;2024-T4;20;3;Miercoles;47;1;0;2024-11-01;2024-11-30
2024-11-21;2024;T4;11;Noviembre;2024-11;2024-T4;21;4;Jueves;47;1;0;2024-11-01;2024-11-30
2024-11-22;2024;T4;11;Noviembre;2024-11;2024-T4;22;5;Viernes;47;1;0;2024-11-01;2024-11-30
2024-11-23;2024;T4;11;Noviembre;2024-11;2024-T4;23;6;Sabado;47;0;0;2024-11-01;2024-11-30
2024-11-24;2024;T4;11;Noviembre;2024-11;2024-T4;24;7;Domingo;47;0;0;2024-11-01;2024-11-30
2024-11-25;2024;T4;11;Noviembre;2024-11;2024-T4;25;1;Lunes;48;1;0;2024-11-01;2024-11-30
2024-11-26;2024;T4;11;Noviembre;2024-11;2024-T4;26;2;Martes;48;1;0;2024-11-01;2024-11-30
2024-11-27;2024;T4;11;Noviembre;2024-11;2024-T4;27;3;Miercoles;48;1;0;2024-11-01;2024-11-30
2024-11-28;2024;T4;11;Noviembre;2024-11;2024-T4;28;4;Jueves;48;1;0;2024-11-01;2024-11-30
2024-11-29;2024;T4;11;Noviembre;2024-11;2024-T4;29;5;Viernes;48;1;0;2024-11-01;2024-11-30
2024-11-30;2024;T4;11;Noviembre;2024-11;2024-T4;30;6;Sabado;48;0;0;2024-11-01;2024-11-30
2024-12-01;2024;T4;12;Diciembre;2024-12;2024-T4;1;7;Domingo;48;0;0;2024-12-01;2024-12-31
2024-12-02;2024;T4;12;Diciembre;2024-12;2024-T4;2;1;Lunes;49;1;0;2024-12-01;2024-12-31
2024-12-03;2024;T4;12;Diciembre;2024-12;2024-T4;3;2;Martes;49;1;0;2024-12-01;2024-12-31
2024-12-04;2024;T4;12;Diciembre;2024-12;2024-T4;4;3;Miercoles;49;1;0;2024-12-01;2024-12-31
2024-12-05;2024;T4;12;Diciembre;2024-12;2024-T4;5;4;Jueves;49;1;0;2024-12-01;2024-12-31
2024-12-06;2024;T4;12;Diciembre;2024-12;2024-T4;6;5;Viernes;49;1;0;2024-12-01;2024-12-31
2024-12-07;2024;T4;12;Diciembre;2024-12;2024-T4;7;6;Sabado;49;0;0;2024-12-01;2024-12-31
2024-12-08;2024;T4;12;Diciembre;2024-12;2024-T4;8;7;Domingo;49;0;1;2024-12-01;2024-12-31
2024-12-09;2024;T4;12;Diciembre;2024-12;2024-T4;9;1;Lunes;50;1;0;2024-12-01;2024-12-31
2024-12-10;2024;T4;12;Diciembre;2024-12;2024-T4;10;2;Martes;50;1;0;2024-12-01;2024-12-31
2024-12-11;2024;T4;12;Diciembre;2024-12;2024-T4;11;3;Miercoles;50;1;0;2024-12-01;2024-12-31
2024-12-12;2024;T4;12;Diciembre;2024-12;2024-T4;12;4;Jueves;50;1;0;2024-12-01;2024-12-31
2024-12-13;2024;T4;12;Diciembre;2024-12;2024-T4;13;5;Viernes;50;1;0;2024-12-01;2024-12-31
2024-12-14;2024;T4;12;Diciembre;2024-12;2024-T4;14;6;Sabado;50;0;0;2024-12-01;2024-12-31
2024-12-15;2024;T4;12;Diciembre;2024-12;2024-T4;15;7;Domingo;50;0;0;2024-12-01;2024-12-31
2024-12-16;2024;T4;12;Diciembre;2024-12;2024-T4;16;1;Lunes;51;1;0;2024-12-01;2024-12-31
2024-12-17;2024;T4;12;Diciembre;2024-12;2024-T4;17;2;Martes;51;1;0;2024-12-01;2024-12-31
2024-12-18;2024;T4;12;Diciembre;2024-12;2024-T4;18;3;Miercoles;51;1;0;2024-12-01;2024-12-31
2024-12-19;2024;T4;12;Diciembre;2024-12;2024-T4;19;4;Jueves;51;1;0;2024-12-01;2024-12-31
2024-12-20;2024;T4;12;Diciembre;2024-12;2024-T4;20;5;Viernes;51;1;0;2024-12-01;2024-12-31
2024-12-21;2024;T4;12;Diciembre;2024-12;2024-T4;21;6;Sabado;51;0;0;2024-12-01;2024-12-31
2024-12-22;2024;T4;12;Diciembre;2024-12;2024-T4;22;7;Domingo;51;0;0;2024-12-01;2024-12-31
2024-12-23;2024;T4;12;Diciembre;2024-12;2024-T4;23;1;Lunes;52;1;0;2024-12-01;2024-12-31
2024-12-24;2024;T4;12;Diciembre;2024-12;2024-T4;24;2;Martes;52;1;0;2024-12-01;2024-12-31
2024-12-25;2024;T4;12;Diciembre;2024-12;2024-T4;25;3;Miercoles;52;0;1;2024-12-01;2024-12-31
2024-12-26;2024;T4;12;Diciembre;2024-12;2024-T4;26;4;Jueves;52;1;0;2024-12-01;2024-12-31
2024-12-27;2024;T4;12;Diciembre;2024-12;2024-T4;27;5;Viernes;52;1;0;2024-12-01;2024-12-31
2024-12-28;2024;T4;12;Diciembre;2024-12;2024-T4;28;6;Sabado;52;0;0;2024-12-01;2024-12-31
2024-12-29;2024;T4;12;Diciembre;2024-12;2024-T4;29;7;Domingo;52;0;0;2024-12-01;2024-12-31
2024-12-30;2024;T4;12;Diciembre;2024-12;2024-T4;30;1;Lunes;1;1;0;2024-12-01;2024-12-31
2024-12-31;2024;T4;12;Diciembre;2024-12;2024-T4;31;2;Martes;1;1;0;2024-12-01;2024-12-31
2025-01-01;2025;T1;1;Enero;2025-01;2025-T1;1;3;Miercoles;1;0;1;2025-01-01;2025-01-31
2025-01-02;2025;T1;1;Enero;2025-01;2025-T1;2;4;Jueves;1;1;0;2025-01-01;2025-01-31
2025-01-03;2025;T1;1;Enero;2025-01;2025-T1;3;5;Viernes;1;1;0;2025-01-01;2025-01-31
2025-01-04;2025;T1;1;Enero;2025-01;2025-T1;4;6;Sabado;1;0;0;2025-01-01;2025-01-31
2025-01-05;2025;T1;1;Enero;2025-01;2025-T1;5;7;Domingo;1;0;0;2025-01-01;2025-01-31
2025-01-06;2025;T1;1;Enero;2025-01;2025-T1;6;1;Lunes;2;1;0;2025-01-01;2025-01-31
2025-01-07;2025;T1;1;Enero;2025-01;2025-T1;7;2;Martes;2;1;0;2025-01-01;2025-01-31
2025-01-08;2025;T1;1;Enero;2025-01;2025-T1;8;3;Miercoles;2;1;0;2025-01-01;2025-01-31
2025-01-09;2025;T1;1;Enero;2025-01;2025-T1;9;4;Jueves;2;1;0;2025-01-01;2025-01-31
2025-01-10;2025;T1;1;Enero;2025-01;2025-T1;10;5;Viernes;2;1;0;2025-01-01;2025-01-31
2025-01-11;2025;T1;1;Enero;2025-01;2025-T1;11;6;Sabado;2;0;0;2025-01-01;2025-01-31
2025-01-12;2025;T1;1;Enero;2025-01;2025-T1;12;7;Domingo;2;0;0;2025-01-01;2025-01-31
2025-01-13;2025;T1;1;Enero;2025-01;2025-T1;13;1;Lunes;3;1;0;2025-01-01;2025-01-31
2025-01-14;2025;T1;1;Enero;2025-01;2025-T1;14;2;Martes;3;1;0;2025-01-01;2025-01-31
2025-01-15;2025;T1;1;Enero;2025-01;2025-T1;15;3;Miercoles;3;1;0;2025-01-01;2025-01-31
2025-01-16;2025;T1;1;Enero;2025-01;2025-T1;16;4;Jueves;3;1;0;2025-01-01;2025-01-31
2025-01-17;2025;T1;1;Enero;2025-01;2025-T1;17;5;Viernes;3;1;0;2025-01-01;2025-01-31
2025-01-18;2025;T1;1;Enero;2025-01;2025-T1;18;6;Sabado;3;0;0;2025-01-01;2025-01-31
2025-01-19;2025;T1;1;Enero;2025-01;2025-T1;19;7;Domingo;3;0;0;2025-01-01;2025-01-31
2025-01-20;2025;T1;1;Enero;2025-01;2025-T1;20;1;Lunes;4;1;0;2025-01-01;2025-01-31
2025-01-21;2025;T1;1;Enero;2025-01;2025-T1;21;2;Martes;4;1;0;2025-01-01;2025-01-31
2025-01-22;2025;T1;1;Enero;2025-01;2025-T1;22;3;Miercoles;4;1;0;2025-01-01;2025-01-31
2025-01-23;2025;T1;1;Enero;2025-01;2025-T1;23;4;Jueves;4;1;0;2025-01-01;2025-01-31
2025-01-24;2025;T1;1;Enero;2025-01;2025-T1;24;5;Viernes;4;1;0;2025-01-01;2025-01-31
2025-01-25;2025;T1;1;Enero;2025-01;2025-T1;25;6;Sabado;4;0;0;2025-01-01;2025-01-31
2025-01-26;2025;T1;1;Enero;2025-01;2025-T1;26;7;Domingo;4;0;0;2025-01-01;2025-01-31
2025-01-27;2025;T1;1;Enero;2025-01;2025-T1;27;1;Lunes;5;1;0;2025-01-01;2025-01-31
2025-01-28;2025;T1;1;Enero;2025-01;2025-T1;28;2;Martes;5;1;0;2025-01-01;2025-01-31
2025-01-29;2025;T1;1;Enero;2025-01;2025-T1;29;3;Miercoles;5;1;0;2025-01-01;2025-01-31
2025-01-30;2025;T1;1;Enero;2025-01;2025-T1;30;4;Jueves;5;1;0;2025-01-01;2025-01-31
2025-01-31;2025;T1;1;Enero;2025-01;2025-T1;31;5;Viernes;5;1;0;2025-01-01;2025-01-31
2025-02-01;2025;T1;2;Febrero;2025-02;2025-T1;1;6;Sabado;5;0;0;2025-02-01;2025-02-28
2025-02-02;2025;T1;2;Febrero;2025-02;2025-T1;2;7;Domingo;5;0;0;2025-02-01;2025-02-28
2025-02-03;2025;T1;2;Febrero;2025-02;2025-T1;3;1;Lunes;6;1;0;2025-02-01;2025-02-28
2025-02-04;2025;T1;2;Febrero;2025-02;2025-T1;4;2;Martes;6;1;0;2025-02-01;2025-02-28
2025-02-05;2025;T1;2;Febrero;2025-02;2025-T1;5;3;Miercoles;6;1;0;2025-02-01;2025-02-28
2025-02-06;2025;T1;2;Febrero;2025-02;2025-T1;6;4;Jueves;6;1;0;2025-02-01;2025-02-28
2025-02-07;2025;T1;2;Febrero;2025-02;2025-T1;7;5;Viernes;6;1;0;2025-02-01;2025-02-28
2025-02-08;2025;T1;2;Febrero;2025-02;2025-T1;8;6;Sabado;6;0;0;2025-02-01;2025-02-28
2025-02-09;2025;T1;2;Febrero;2025-02;2025-T1;9;7;Domingo;6;0;0;2025-02-01;2025-02-28
2025-02-10;2025;T1;2;Febrero;2025-02;2025-T1;10;1;Lunes;7;1;0;2025-02-01;2025-02-28
2025-02-11;2025;T1;2;Febrero;2025-02;2025-T1;11;2;Martes;7;1;0;2025-02-01;2025-02-28
2025-02-12;2025;T1;2;Febrero;2025-02;2025-T1;12;3;Miercoles;7;1;0;2025-02-01;2025-02-28
2025-02-13;2025;T1;2;Febrero;2025-02;2025-T1;13;4;Jueves;7;1;0;2025-02-01;2025-02-28
2025-02-14;2025;T1;2;Febrero;2025-02;2025-T1;14;5;Viernes;7;1;0;2025-02-01;2025-02-28
2025-02-15;2025;T1;2;Febrero;2025-02;2025-T1;15;6;Sabado;7;0;0;2025-02-01;2025-02-28
2025-02-16;2025;T1;2;Febrero;2025-02;2025-T1;16;7;Domingo;7;0;0;2025-02-01;2025-02-28
2025-02-17;2025;T1;2;Febrero;2025-02;2025-T1;17;1;Lunes;8;1;0;2025-02-01;2025-02-28
2025-02-18;2025;T1;2;Febrero;2025-02;2025-T1;18;2;Martes;8;1;0;2025-02-01;2025-02-28
2025-02-19;2025;T1;2;Febrero;2025-02;2025-T1;19;3;Miercoles;8;1;0;2025-02-01;2025-02-28
2025-02-20;2025;T1;2;Febrero;2025-02;2025-T1;20;4;Jueves;8;1;0;2025-02-01;2025-02-28
2025-02-21;2025;T1;2;Febrero;2025-02;2025-T1;21;5;Viernes;8;1;0;2025-02-01;2025-02-28
2025-02-22;2025;T1;2;Febrero;2025-02;2025-T1;22;6;Sabado;8;0;0;2025-02-01;2025-02-28
2025-02-23;2025;T1;2;Febrero;2025-02;2025-T1;23;7;Domingo;8;0;0;2025-02-01;2025-02-28
2025-02-24;2025;T1;2;Febrero;2025-02;2025-T1;24;1;Lunes;9;1;0;2025-02-01;2025-02-28
2025-02-25;2025;T1;2;Febrero;2025-02;2025-T1;25;2;Martes;9;1;0;2025-02-01;2025-02-28
2025-02-26;2025;T1;2;Febrero;2025-02;2025-T1;26;3;Miercoles;9;1;0;2025-02-01;2025-02-28
2025-02-27;2025;T1;2;Febrero;2025-02;2025-T1;27;4;Jueves;9;1;0;2025-02-01;2025-02-28
2025-02-28;2025;T1;2;Febrero;2025-02;2025-T1;28;5;Viernes;9;1;0;2025-02-01;2025-02-28
2025-03-01;2025;T1;3;Marzo;2025-03;2025-T1;1;6;Sabado;9;0;0;2025-03-01;2025-03-31
2025-03-02;2025;T1;3;Marzo;2025-03;2025-T1;2;7;Domingo;9;0;0;2025-03-01;2025-03-31
2025-03-03;2025;T1;3;Marzo;2025-03;2025-T1;3;1;Lunes;10;1;0;2025-03-01;2025-03-31
2025-03-04;2025;T1;3;Marzo;2025-03;2025-T1;4;2;Martes;10;1;0;2025-03-01;2025-03-31
2025-03-05;2025;T1;3;Marzo;2025-03;2025-T1;5;3;Miercoles;10;1;0;2025-03-01;2025-03-31
2025-03-06;2025;T1;3;Marzo;2025-03;2025-T1;6;4;Jueves;10;1;0;2025-03-01;2025-03-31
2025-03-07;2025;T1;3;Marzo;2025-03;2025-T1;7;5;Viernes;10;1;0;2025-03-01;2025-03-31
2025-03-08;2025;T1;3;Marzo;2025-03;2025-T1;8;6;Sabado;10;0;0;2025-03-01;2025-03-31
2025-03-09;2025;T1;3;Marzo;2025-03;2025-T1;9;7;Domingo;10;0;0;2025-03-01;2025-03-31
2025-03-10;2025;T1;3;Marzo;2025-03;2025-T1;10;1;Lunes;11;1;0;2025-03-01;2025-03-31
2025-03-11;2025;T1;3;Marzo;2025-03;2025-T1;11;2;Martes;11;1;0;2025-03-01;2025-03-31
2025-03-12;2025;T1;3;Marzo;2025-03;2025-T1;12;3;Miercoles;11;1;0;2025-03-01;2025-03-31
2025-03-13;2025;T1;3;Marzo;2025-03;2025-T1;13;4;Jueves;11;1;0;2025-03-01;2025-03-31
2025-03-14;2025;T1;3;Marzo;2025-03;2025-T1;14;5;Viernes;11;1;0;2025-03-01;2025-03-31
2025-03-15;2025;T1;3;Marzo;2025-03;2025-T1;15;6;Sabado;11;0;0;2025-03-01;2025-03-31
2025-03-16;2025;T1;3;Marzo;2025-03;2025-T1;16;7;Domingo;11;0;0;2025-03-01;2025-03-31
2025-03-17;2025;T1;3;Marzo;2025-03;2025-T1;17;1;Lunes;12;1;0;2025-03-01;2025-03-31
2025-03-18;2025;T1;3;Marzo;2025-03;2025-T1;18;2;Martes;12;1;0;2025-03-01;2025-03-31
2025-03-19;2025;T1;3;Marzo;2025-03;2025-T1;19;3;Miercoles;12;1;0;2025-03-01;2025-03-31
2025-03-20;2025;T1;3;Marzo;2025-03;2025-T1;20;4;Jueves;12;1;0;2025-03-01;2025-03-31
2025-03-21;2025;T1;3;Marzo;2025-03;2025-T1;21;5;Viernes;12;1;0;2025-03-01;2025-03-31
2025-03-22;2025;T1;3;Marzo;2025-03;2025-T1;22;6;Sabado;12;0;0;2025-03-01;2025-03-31
2025-03-23;2025;T1;3;Marzo;2025-03;2025-T1;23;7;Domingo;12;0;0;2025-03-01;2025-03-31
2025-03-24;2025;T1;3;Marzo;2025-03;2025-T1;24;1;Lunes;13;1;0;2025-03-01;2025-03-31
2025-03-25;2025;T1;3;Marzo;2025-03;2025-T1;25;2;Martes;13;1;0;2025-03-01;2025-03-31
2025-03-26;2025;T1;3;Marzo;2025-03;2025-T1;26;3;Miercoles;13;1;0;2025-03-01;2025-03-31
2025-03-27;2025;T1;3;Marzo;2025-03;2025-T1;27;4;Jueves;13;1;0;2025-03-01;2025-03-31
2025-03-28;2025;T1;3;Marzo;2025-03;2025-T1;28;5;Viernes;13;1;0;2025-03-01;2025-03-31
2025-03-29;2025;T1;3;Marzo;2025-03;2025-T1;29;6;Sabado;13;0;0;2025-03-01;2025-03-31
2025-03-30;2025;T1;3;Marzo;2025-03;2025-T1;30;7;Domingo;13;0;0;2025-03-01;2025-03-31
2025-03-31;2025;T1;3;Marzo;2025-03;2025-T1;31;1;Lunes;14;1;0;2025-03-01;2025-03-31
2025-04-01;2025;T2;4;Abril;2025-04;2025-T2;1;2;Martes;14;1;0;2025-04-01;2025-04-30
2025-04-02;2025;T2;4;Abril;2025-04;2025-T2;2;3;Miercoles;14;1;0;2025-04-01;2025-04-30
2025-04-03;2025;T2;4;Abril;2025-04;2025-T2;3;4;Jueves;14;1;0;2025-04-01;2025-04-30
2025-04-04;2025;T2;4;Abril;2025-04;2025-T2;4;5;Viernes;14;1;0;2025-04-01;2025-04-30
2025-04-05;2025;T2;4;Abril;2025-04;2025-T2;5;6;Sabado;14;0;0;2025-04-01;2025-04-30
2025-04-06;2025;T2;4;Abril;2025-04;2025-T2;6;7;Domingo;14;0;0;2025-04-01;2025-04-30
2025-04-07;2025;T2;4;Abril;2025-04;2025-T2;7;1;Lunes;15;1;0;2025-04-01;2025-04-30
2025-04-08;2025;T2;4;Abril;2025-04;2025-T2;8;2;Martes;15;1;0;2025-04-01;2025-04-30
2025-04-09;2025;T2;4;Abril;2025-04;2025-T2;9;3;Miercoles;15;1;0;2025-04-01;2025-04-30
2025-04-10;2025;T2;4;Abril;2025-04;2025-T2;10;4;Jueves;15;1;0;2025-04-01;2025-04-30
2025-04-11;2025;T2;4;Abril;2025-04;2025-T2;11;5;Viernes;15;1;0;2025-04-01;2025-04-30
2025-04-12;2025;T2;4;Abril;2025-04;2025-T2;12;6;Sabado;15;0;0;2025-04-01;2025-04-30
2025-04-13;2025;T2;4;Abril;2025-04;2025-T2;13;7;Domingo;15;0;0;2025-04-01;2025-04-30
2025-04-14;2025;T2;4;Abril;2025-04;2025-T2;14;1;Lunes;16;1;0;2025-04-01;2025-04-30
2025-04-15;2025;T2;4;Abril;2025-04;2025-T2;15;2;Martes;16;1;0;2025-04-01;2025-04-30
2025-04-16;2025;T2;4;Abril;2025-04;2025-T2;16;3;Miercoles;16;1;0;2025-04-01;2025-04-30
2025-04-17;2025;T2;4;Abril;2025-04;2025-T2;17;4;Jueves;16;1;0;2025-04-01;2025-04-30
2025-04-18;2025;T2;4;Abril;2025-04;2025-T2;18;5;Viernes;16;0;1;2025-04-01;2025-04-30
2025-04-19;2025;T2;4;Abril;2025-04;2025-T2;19;6;Sabado;16;0;1;2025-04-01;2025-04-30
2025-04-20;2025;T2;4;Abril;2025-04;2025-T2;20;7;Domingo;16;0;0;2025-04-01;2025-04-30
2025-04-21;2025;T2;4;Abril;2025-04;2025-T2;21;1;Lunes;17;1;0;2025-04-01;2025-04-30
2025-04-22;2025;T2;4;Abril;2025-04;2025-T2;22;2;Martes;17;1;0;2025-04-01;2025-04-30
2025-04-23;2025;T2;4;Abril;2025-04;2025-T2;23;3;Miercoles;17;1;0;2025-04-01;2025-04-30
2025-04-24;2025;T2;4;Abril;2025-04;2025-T2;24;4;Jueves;17;1;0;2025-04-01;2025-04-30
2025-04-25;2025;T2;4;Abril;2025-04;2025-T2;25;5;Viernes;17;1;0;2025-04-01;2025-04-30
2025-04-26;2025;T2;4;Abril;2025-04;2025-T2;26;6;Sabado;17;0;0;2025-04-01;2025-04-30
2025-04-27;2025;T2;4;Abril;2025-04;2025-T2;27;7;Domingo;17;0;0;2025-04-01;2025-04-30
2025-04-28;2025;T2;4;Abril;2025-04;2025-T2;28;1;Lunes;18;1;0;2025-04-01;2025-04-30
2025-04-29;2025;T2;4;Abril;2025-04;2025-T2;29;2;Martes;18;1;0;2025-04-01;2025-04-30
2025-04-30;2025;T2;4;Abril;2025-04;2025-T2;30;3;Miercoles;18;1;0;2025-04-01;2025-04-30
2025-05-01;2025;T2;5;Mayo;2025-05;2025-T2;1;4;Jueves;18;0;1;2025-05-01;2025-05-31
2025-05-02;2025;T2;5;Mayo;2025-05;2025-T2;2;5;Viernes;18;1;0;2025-05-01;2025-05-31
2025-05-03;2025;T2;5;Mayo;2025-05;2025-T2;3;6;Sabado;18;0;0;2025-05-01;2025-05-31
2025-05-04;2025;T2;5;Mayo;2025-05;2025-T2;4;7;Domingo;18;0;0;2025-05-01;2025-05-31
2025-05-05;2025;T2;5;Mayo;2025-05;2025-T2;5;1;Lunes;19;1;0;2025-05-01;2025-05-31
2025-05-06;2025;T2;5;Mayo;2025-05;2025-T2;6;2;Martes;19;1;0;2025-05-01;2025-05-31
2025-05-07;2025;T2;5;Mayo;2025-05;2025-T2;7;3;Miercoles;19;1;0;2025-05-01;2025-05-31
2025-05-08;2025;T2;5;Mayo;2025-05;2025-T2;8;4;Jueves;19;1;0;2025-05-01;2025-05-31
2025-05-09;2025;T2;5;Mayo;2025-05;2025-T2;9;5;Viernes;19;1;0;2025-05-01;2025-05-31
2025-05-10;2025;T2;5;Mayo;2025-05;2025-T2;10;6;Sabado;19;0;0;2025-05-01;2025-05-31
2025-05-11;2025;T2;5;Mayo;2025-05;2025-T2;11;7;Domingo;19;0;0;2025-05-01;2025-05-31
2025-05-12;2025;T2;5;Mayo;2025-05;2025-T2;12;1;Lunes;20;1;0;2025-05-01;2025-05-31
2025-05-13;2025;T2;5;Mayo;2025-05;2025-T2;13;2;Martes;20;1;0;2025-05-01;2025-05-31
2025-05-14;2025;T2;5;Mayo;2025-05;2025-T2;14;3;Miercoles;20;1;0;2025-05-01;2025-05-31
2025-05-15;2025;T2;5;Mayo;2025-05;2025-T2;15;4;Jueves;20;1;0;2025-05-01;2025-05-31
2025-05-16;2025;T2;5;Mayo;2025-05;2025-T2;16;5;Viernes;20;1;0;2025-05-01;2025-05-31
2025-05-17;2025;T2;5;Mayo;2025-05;2025-T2;17;6;Sabado;20;0;0;2025-05-01;2025-05-31
2025-05-18;2025;T2;5;Mayo;2025-05;2025-T2;18;7;Domingo;20;0;0;2025-05-01;2025-05-31
2025-05-19;2025;T2;5;Mayo;2025-05;2025-T2;19;1;Lunes;21;1;0;2025-05-01;2025-05-31
2025-05-20;2025;T2;5;Mayo;2025-05;2025-T2;20;2;Martes;21;1;0;2025-05-01;2025-05-31
2025-05-21;2025;T2;5;Mayo;2025-05;2025-T2;21;3;Miercoles;21;0;1;2025-05-01;2025-05-31
2025-05-22;2025;T2;5;Mayo;2025-05;2025-T2;22;4;Jueves;21;1;0;2025-05-01;2025-05-31
2025-05-23;2025;T2;5;Mayo;2025-05;2025-T2;23;5;Viernes;21;1;0;2025-05-01;2025-05-31
2025-05-24;2025;T2;5;Mayo;2025-05;2025-T2;24;6;Sabado;21;0;0;2025-05-01;2025-05-31
2025-05-25;2025;T2;5;Mayo;2025-05;2025-T2;25;7;Domingo;21;0;0;2025-05-01;2025-05-31
2025-05-26;2025;T2;5;Mayo;2025-05;2025-T2;26;1;Lunes;22;1;0;2025-05-01;2025-05-31
2025-05-27;2025;T2;5;Mayo;2025-05;2025-T2;27;2;Martes;22;1;0;2025-05-01;2025-05-31
2025-05-28;2025;T2;5;Mayo;2025-05;2025-T2;28;3;Miercoles;22;1;0;2025-05-01;2025-05-31
2025-05-29;2025;T2;5;Mayo;2025-05;2025-T2;29;4;Jueves;22;1;0;2025-05-01;2025-05-31
2025-05-30;2025;T2;5;Mayo;2025-05;2025-T2;30;5;Viernes;22;1;0;2025-05-01;2025-05-31
2025-05-31;2025;T2;5;Mayo;2025-05;2025-T2;31;6;Sabado;22;0;0;2025-05-01;2025-05-31
2025-06-01;2025;T2;6;Junio;2025-06;2025-T2;1;7;Domingo;22;0;0;2025-06-01;2025-06-30
2025-06-02;2025;T2;6;Junio;2025-06;2025-T2;2;1;Lunes;23;1;0;2025-06-01;2025-06-30
2025-06-03;2025;T2;6;Junio;2025-06;2025-T2;3;2;Martes;23;1;0;2025-06-01;2025-06-30
2025-06-04;2025;T2;6;Junio;2025-06;2025-T2;4;3;Miercoles;23;1;0;2025-06-01;2025-06-30
2025-06-05;2025;T2;6;Junio;2025-06;2025-T2;5;4;Jueves;23;1;0;2025-06-01;2025-06-30
2025-06-06;2025;T2;6;Junio;2025-06;2025-T2;6;5;Viernes;23;1;0;2025-06-01;2025-06-30
2025-06-07;2025;T2;6;Junio;2025-06;2025-T2;7;6;Sabado;23;0;0;2025-06-01;2025-06-30
2025-06-08;2025;T2;6;Junio;2025-06;2025-T2;8;7;Domingo;23;0;0;2025-06-01;2025-06-30
2025-06-09;2025;T2;6;Junio;2025-06;2025-T2;9;1;Lunes;24;1;0;2025-06-01;2025-06-30
2025-06-10;2025;T2;6;Junio;2025-06;2025-T2;10;2;Martes;24;1;0;2025-06-01;2025-06-30
2025-06-11;2025;T2;6;Junio;2025-06;2025-T2;11;3;Miercoles;24;1;0;2025-06-01;2025-06-30
2025-06-12;2025;T2;6;Junio;2025-06;2025-T2;12;4;Jueves;24;1;0;2025-06-01;2025-06-30
2025-06-13;2025;T2;6;Junio;2025-06;2025-T2;13;5;Viernes;24;1;0;2025-06-01;2025-06-30
2025-06-14;2025;T2;6;Junio;2025-06;2025-T2;14;6;Sabado;24;0;0;2025-06-01;2025-06-30
2025-06-15;2025;T2;6;Junio;2025-06;2025-T2;15;7;Domingo;24;0;0;2025-06-01;2025-06-30
2025-06-16;2025;T2;6;Junio;2025-06;2025-T2;16;1;Lunes;25;1;0;2025-06-01;2025-06-30
2025-06-17;2025;T2;6;Junio;2025-06;2025-T2;17;2;Martes;25;1;0;2025-06-01;2025-06-30
2025-06-18;2025;T2;6;Junio;2025-06;2025-T2;18;3;Miercoles;25;1;0;2025-06-01;2025-06-30
2025-06-19;2025;T2;6;Junio;2025-06;2025-T2;19;4;Jueves;25;1;0;2025-06-01;2025-06-30
2025-06-20;2025;T2;6;Junio;2025-06;2025-T2;20;5;Viernes;25;0;1;2025-06-01;2025-06-30
2025-06-21;2025;T2;6;Junio;2025-06;2025-T2;21;6;Sabado;25;0;0;2025-06-01;2025-06-30
2025-06-22;2025;T2;6;Junio;2025-06;2025-T2;22;7;Domingo;25;0;0;2025-06-01;2025-06-30
2025-06-23;2025;T2;6;Junio;2025-06;2025-T2;23;1;Lunes;26;1;0;2025-06-01;2025-06-30
2025-06-24;2025;T2;6;Junio;2025-06;2025-T2;24;2;Martes;26;1;0;2025-06-01;2025-06-30
2025-06-25;2025;T2;6;Junio;2025-06;2025-T2;25;3;Miercoles;26;1;0;2025-06-01;2025-06-30
2025-06-26;2025;T2;6;Junio;2025-06;2025-T2;26;4;Jueves;26;1;0;2025-06-01;2025-06-30
2025-06-27;2025;T2;6;Junio;2025-06;2025-T2;27;5;Viernes;26;1;0;2025-06-01;2025-06-30
2025-06-28;2025;T2;6;Junio;2025-06;2025-T2;28;6;Sabado;26;0;0;2025-06-01;2025-06-30
2025-06-29;2025;T2;6;Junio;2025-06;2025-T2;29;7;Domingo;26;0;1;2025-06-01;2025-06-30
2025-06-30;2025;T2;6;Junio;2025-06;2025-T2;30;1;Lunes;27;1;0;2025-06-01;2025-06-30
2025-07-01;2025;T3;7;Julio;2025-07;2025-T3;1;2;Martes;27;1;0;2025-07-01;2025-07-31
2025-07-02;2025;T3;7;Julio;2025-07;2025-T3;2;3;Miercoles;27;1;0;2025-07-01;2025-07-31
2025-07-03;2025;T3;7;Julio;2025-07;2025-T3;3;4;Jueves;27;1;0;2025-07-01;2025-07-31
2025-07-04;2025;T3;7;Julio;2025-07;2025-T3;4;5;Viernes;27;1;0;2025-07-01;2025-07-31
2025-07-05;2025;T3;7;Julio;2025-07;2025-T3;5;6;Sabado;27;0;0;2025-07-01;2025-07-31
2025-07-06;2025;T3;7;Julio;2025-07;2025-T3;6;7;Domingo;27;0;0;2025-07-01;2025-07-31
2025-07-07;2025;T3;7;Julio;2025-07;2025-T3;7;1;Lunes;28;1;0;2025-07-01;2025-07-31
2025-07-08;2025;T3;7;Julio;2025-07;2025-T3;8;2;Martes;28;1;0;2025-07-01;2025-07-31
2025-07-09;2025;T3;7;Julio;2025-07;2025-T3;9;3;Miercoles;28;1;0;2025-07-01;2025-07-31
2025-07-10;2025;T3;7;Julio;2025-07;2025-T3;10;4;Jueves;28;1;0;2025-07-01;2025-07-31
2025-07-11;2025;T3;7;Julio;2025-07;2025-T3;11;5;Viernes;28;1;0;2025-07-01;2025-07-31
2025-07-12;2025;T3;7;Julio;2025-07;2025-T3;12;6;Sabado;28;0;0;2025-07-01;2025-07-31
2025-07-13;2025;T3;7;Julio;2025-07;2025-T3;13;7;Domingo;28;0;0;2025-07-01;2025-07-31
2025-07-14;2025;T3;7;Julio;2025-07;2025-T3;14;1;Lunes;29;1;0;2025-07-01;2025-07-31
2025-07-15;2025;T3;7;Julio;2025-07;2025-T3;15;2;Martes;29;1;0;2025-07-01;2025-07-31
2025-07-16;2025;T3;7;Julio;2025-07;2025-T3;16;3;Miercoles;29;0;1;2025-07-01;2025-07-31
2025-07-17;2025;T3;7;Julio;2025-07;2025-T3;17;4;Jueves;29;1;0;2025-07-01;2025-07-31
2025-07-18;2025;T3;7;Julio;2025-07;2025-T3;18;5;Viernes;29;1;0;2025-07-01;2025-07-31
2025-07-19;2025;T3;7;Julio;2025-07;2025-T3;19;6;Sabado;29;0;0;2025-07-01;2025-07-31
2025-07-20;2025;T3;7;Julio;2025-07;2025-T3;20;7;Domingo;29;0;0;2025-07-01;2025-07-31
2025-07-21;2025;T3;7;Julio;2025-07;2025-T3;21;1;Lunes;30;1;0;2025-07-01;2025-07-31
2025-07-22;2025;T3;7;Julio;2025-07;2025-T3;22;2;Martes;30;1;0;2025-07-01;2025-07-31
2025-07-23;2025;T3;7;Julio;2025-07;2025-T3;23;3;Miercoles;30;1;0;2025-07-01;2025-07-31
2025-07-24;2025;T3;7;Julio;2025-07;2025-T3;24;4;Jueves;30;1;0;2025-07-01;2025-07-31
2025-07-25;2025;T3;7;Julio;2025-07;2025-T3;25;5;Viernes;30;1;0;2025-07-01;2025-07-31
2025-07-26;2025;T3;7;Julio;2025-07;2025-T3;26;6;Sabado;30;0;0;2025-07-01;2025-07-31
2025-07-27;2025;T3;7;Julio;2025-07;2025-T3;27;7;Domingo;30;0;0;2025-07-01;2025-07-31
2025-07-28;2025;T3;7;Julio;2025-07;2025-T3;28;1;Lunes;31;1;0;2025-07-01;2025-07-31
2025-07-29;2025;T3;7;Julio;2025-07;2025-T3;29;2;Martes;31;1;0;2025-07-01;2025-07-31
2025-07-30;2025;T3;7;Julio;2025-07;2025-T3;30;3;Miercoles;31;1;0;2025-07-01;2025-07-31
2025-07-31;2025;T3;7;Julio;2025-07;2025-T3;31;4;Jueves;31;1;0;2025-07-01;2025-07-31
2025-08-01;2025;T3;8;Agosto;2025-08;2025-T3;1;5;Viernes;31;1;0;2025-08-01;2025-08-31
2025-08-02;2025;T3;8;Agosto;2025-08;2025-T3;2;6;Sabado;31;0;0;2025-08-01;2025-08-31
2025-08-03;2025;T3;8;Agosto;2025-08;2025-T3;3;7;Domingo;31;0;0;2025-08-01;2025-08-31
2025-08-04;2025;T3;8;Agosto;2025-08;2025-T3;4;1;Lunes;32;1;0;2025-08-01;2025-08-31
2025-08-05;2025;T3;8;Agosto;2025-08;2025-T3;5;2;Martes;32;1;0;2025-08-01;2025-08-31
2025-08-06;2025;T3;8;Agosto;2025-08;2025-T3;6;3;Miercoles;32;1;0;2025-08-01;2025-08-31
2025-08-07;2025;T3;8;Agosto;2025-08;2025-T3;7;4;Jueves;32;1;0;2025-08-01;2025-08-31
2025-08-08;2025;T3;8;Agosto;2025-08;2025-T3;8;5;Viernes;32;1;0;2025-08-01;2025-08-31
2025-08-09;2025;T3;8;Agosto;2025-08;2025-T3;9;6;Sabado;32;0;0;2025-08-01;2025-08-31
2025-08-10;2025;T3;8;Agosto;2025-08;2025-T3;10;7;Domingo;32;0;0;2025-08-01;2025-08-31
2025-08-11;2025;T3;8;Agosto;2025-08;2025-T3;11;1;Lunes;33;1;0;2025-08-01;2025-08-31
2025-08-12;2025;T3;8;Agosto;2025-08;2025-T3;12;2;Martes;33;1;0;2025-08-01;2025-08-31
2025-08-13;2025;T3;8;Agosto;2025-08;2025-T3;13;3;Miercoles;33;1;0;2025-08-01;2025-08-31
2025-08-14;2025;T3;8;Agosto;2025-08;2025-T3;14;4;Jueves;33;1;0;2025-08-01;2025-08-31
2025-08-15;2025;T3;8;Agosto;2025-08;2025-T3;15;5;Viernes;33;0;1;2025-08-01;2025-08-31
2025-08-16;2025;T3;8;Agosto;2025-08;2025-T3;16;6;Sabado;33;0;0;2025-08-01;2025-08-31
2025-08-17;2025;T3;8;Agosto;2025-08;2025-T3;17;7;Domingo;33;0;0;2025-08-01;2025-08-31
2025-08-18;2025;T3;8;Agosto;2025-08;2025-T3;18;1;Lunes;34;1;0;2025-08-01;2025-08-31
2025-08-19;2025;T3;8;Agosto;2025-08;2025-T3;19;2;Martes;34;1;0;2025-08-01;2025-08-31
2025-08-20;2025;T3;8;Agosto;2025-08;2025-T3;20;3;Miercoles;34;1;0;2025-08-01;2025-08-31
2025-08-21;2025;T3;8;Agosto;2025-08;2025-T3;21;4;Jueves;34;1;0;2025-08-01;2025-08-31
2025-08-22;2025;T3;8;Agosto;2025-08;2025-T3;22;5;Viernes;34;1;0;2025-08-01;2025-08-31
2025-08-23;2025;T3;8;Agosto;2025-08;2025-T3;23;6;Sabado;34;0;0;2025-08-01;2025-08-31
2025-08-24;2025;T3;8;Agosto;2025-08;2025-T3;24;7;Domingo;34;0;0;2025-08-01;2025-08-31
2025-08-25;2025;T3;8;Agosto;2025-08;2025-T3;25;1;Lunes;35;1;0;2025-08-01;2025-08-31
2025-08-26;2025;T3;8;Agosto;2025-08;2025-T3;26;2;Martes;35;1;0;2025-08-01;2025-08-31
2025-08-27;2025;T3;8;Agosto;2025-08;2025-T3;27;3;Miercoles;35;1;0;2025-08-01;2025-08-31
2025-08-28;2025;T3;8;Agosto;2025-08;2025-T3;28;4;Jueves;35;1;0;2025-08-01;2025-08-31
2025-08-29;2025;T3;8;Agosto;2025-08;2025-T3;29;5;Viernes;35;1;0;2025-08-01;2025-08-31
2025-08-30;2025;T3;8;Agosto;2025-08;2025-T3;30;6;Sabado;35;0;0;2025-08-01;2025-08-31
2025-08-31;2025;T3;8;Agosto;2025-08;2025-T3;31;7;Domingo;35;0;0;2025-08-01;2025-08-31
2025-09-01;2025;T3;9;Septiembre;2025-09;2025-T3;1;1;Lunes;36;1;0;2025-09-01;2025-09-30
2025-09-02;2025;T3;9;Septiembre;2025-09;2025-T3;2;2;Martes;36;1;0;2025-09-01;2025-09-30
2025-09-03;2025;T3;9;Septiembre;2025-09;2025-T3;3;3;Miercoles;36;1;0;2025-09-01;2025-09-30
2025-09-04;2025;T3;9;Septiembre;2025-09;2025-T3;4;4;Jueves;36;1;0;2025-09-01;2025-09-30
2025-09-05;2025;T3;9;Septiembre;2025-09;2025-T3;5;5;Viernes;36;1;0;2025-09-01;2025-09-30
2025-09-06;2025;T3;9;Septiembre;2025-09;2025-T3;6;6;Sabado;36;0;0;2025-09-01;2025-09-30
2025-09-07;2025;T3;9;Septiembre;2025-09;2025-T3;7;7;Domingo;36;0;0;2025-09-01;2025-09-30
2025-09-08;2025;T3;9;Septiembre;2025-09;2025-T3;8;1;Lunes;37;1;0;2025-09-01;2025-09-30
2025-09-09;2025;T3;9;Septiembre;2025-09;2025-T3;9;2;Martes;37;1;0;2025-09-01;2025-09-30
2025-09-10;2025;T3;9;Septiembre;2025-09;2025-T3;10;3;Miercoles;37;1;0;2025-09-01;2025-09-30
2025-09-11;2025;T3;9;Septiembre;2025-09;2025-T3;11;4;Jueves;37;1;0;2025-09-01;2025-09-30
2025-09-12;2025;T3;9;Septiembre;2025-09;2025-T3;12;5;Viernes;37;1;0;2025-09-01;2025-09-30
2025-09-13;2025;T3;9;Septiembre;2025-09;2025-T3;13;6;Sabado;37;0;0;2025-09-01;2025-09-30
2025-09-14;2025;T3;9;Septiembre;2025-09;2025-T3;14;7;Domingo;37;0;0;2025-09-01;2025-09-30
2025-09-15;2025;T3;9;Septiembre;2025-09;2025-T3;15;1;Lunes;38;1;0;2025-09-01;2025-09-30
2025-09-16;2025;T3;9;Septiembre;2025-09;2025-T3;16;2;Martes;38;1;0;2025-09-01;2025-09-30
2025-09-17;2025;T3;9;Septiembre;2025-09;2025-T3;17;3;Miercoles;38;1;0;2025-09-01;2025-09-30
2025-09-18;2025;T3;9;Septiembre;2025-09;2025-T3;18;4;Jueves;38;0;1;2025-09-01;2025-09-30
2025-09-19;2025;T3;9;Septiembre;2025-09;2025-T3;19;5;Viernes;38;0;1;2025-09-01;2025-09-30
2025-09-20;2025;T3;9;Septiembre;2025-09;2025-T3;20;6;Sabado;38;0;0;2025-09-01;2025-09-30
2025-09-21;2025;T3;9;Septiembre;2025-09;2025-T3;21;7;Domingo;38;0;0;2025-09-01;2025-09-30
2025-09-22;2025;T3;9;Septiembre;2025-09;2025-T3;22;1;Lunes;39;1;0;2025-09-01;2025-09-30
2025-09-23;2025;T3;9;Septiembre;2025-09;2025-T3;23;2;Martes;39;1;0;2025-09-01;2025-09-30
2025-09-24;2025;T3;9;Septiembre;2025-09;2025-T3;24;3;Miercoles;39;1;0;2025-09-01;2025-09-30
2025-09-25;2025;T3;9;Septiembre;2025-09;2025-T3;25;4;Jueves;39;1;0;2025-09-01;2025-09-30
2025-09-26;2025;T3;9;Septiembre;2025-09;2025-T3;26;5;Viernes;39;1;0;2025-09-01;2025-09-30
2025-09-27;2025;T3;9;Septiembre;2025-09;2025-T3;27;6;Sabado;39;0;0;2025-09-01;2025-09-30
2025-09-28;2025;T3;9;Septiembre;2025-09;2025-T3;28;7;Domingo;39;0;0;2025-09-01;2025-09-30
2025-09-29;2025;T3;9;Septiembre;2025-09;2025-T3;29;1;Lunes;40;1;0;2025-09-01;2025-09-30
2025-09-30;2025;T3;9;Septiembre;2025-09;2025-T3;30;2;Martes;40;1;0;2025-09-01;2025-09-30
2025-10-01;2025;T4;10;Octubre;2025-10;2025-T4;1;3;Miercoles;40;1;0;2025-10-01;2025-10-31
2025-10-02;2025;T4;10;Octubre;2025-10;2025-T4;2;4;Jueves;40;1;0;2025-10-01;2025-10-31
2025-10-03;2025;T4;10;Octubre;2025-10;2025-T4;3;5;Viernes;40;1;0;2025-10-01;2025-10-31
2025-10-04;2025;T4;10;Octubre;2025-10;2025-T4;4;6;Sabado;40;0;0;2025-10-01;2025-10-31
2025-10-05;2025;T4;10;Octubre;2025-10;2025-T4;5;7;Domingo;40;0;0;2025-10-01;2025-10-31
2025-10-06;2025;T4;10;Octubre;2025-10;2025-T4;6;1;Lunes;41;1;0;2025-10-01;2025-10-31
2025-10-07;2025;T4;10;Octubre;2025-10;2025-T4;7;2;Martes;41;1;0;2025-10-01;2025-10-31
2025-10-08;2025;T4;10;Octubre;2025-10;2025-T4;8;3;Miercoles;41;1;0;2025-10-01;2025-10-31
2025-10-09;2025;T4;10;Octubre;2025-10;2025-T4;9;4;Jueves;41;1;0;2025-10-01;2025-10-31
2025-10-10;2025;T4;10;Octubre;2025-10;2025-T4;10;5;Viernes;41;1;0;2025-10-01;2025-10-31
2025-10-11;2025;T4;10;Octubre;2025-10;2025-T4;11;6;Sabado;41;0;0;2025-10-01;2025-10-31
2025-10-12;2025;T4;10;Octubre;2025-10;2025-T4;12;7;Domingo;41;0;1;2025-10-01;2025-10-31
2025-10-13;2025;T4;10;Octubre;2025-10;2025-T4;13;1;Lunes;42;1;0;2025-10-01;2025-10-31
2025-10-14;2025;T4;10;Octubre;2025-10;2025-T4;14;2;Martes;42;1;0;2025-10-01;2025-10-31
2025-10-15;2025;T4;10;Octubre;2025-10;2025-T4;15;3;Miercoles;42;1;0;2025-10-01;2025-10-31
2025-10-16;2025;T4;10;Octubre;2025-10;2025-T4;16;4;Jueves;42;1;0;2025-10-01;2025-10-31
2025-10-17;2025;T4;10;Octubre;2025-10;2025-T4;17;5;Viernes;42;1;0;2025-10-01;2025-10-31
2025-10-18;2025;T4;10;Octubre;2025-10;2025-T4;18;6;Sabado;42;0;0;2025-10-01;2025-10-31
2025-10-19;2025;T4;10;Octubre;2025-10;2025-T4;19;7;Domingo;42;0;0;2025-10-01;2025-10-31
2025-10-20;2025;T4;10;Octubre;2025-10;2025-T4;20;1;Lunes;43;1;0;2025-10-01;2025-10-31
2025-10-21;2025;T4;10;Octubre;2025-10;2025-T4;21;2;Martes;43;1;0;2025-10-01;2025-10-31
2025-10-22;2025;T4;10;Octubre;2025-10;2025-T4;22;3;Miercoles;43;1;0;2025-10-01;2025-10-31
2025-10-23;2025;T4;10;Octubre;2025-10;2025-T4;23;4;Jueves;43;1;0;2025-10-01;2025-10-31
2025-10-24;2025;T4;10;Octubre;2025-10;2025-T4;24;5;Viernes;43;1;0;2025-10-01;2025-10-31
2025-10-25;2025;T4;10;Octubre;2025-10;2025-T4;25;6;Sabado;43;0;0;2025-10-01;2025-10-31
2025-10-26;2025;T4;10;Octubre;2025-10;2025-T4;26;7;Domingo;43;0;0;2025-10-01;2025-10-31
2025-10-27;2025;T4;10;Octubre;2025-10;2025-T4;27;1;Lunes;44;1;0;2025-10-01;2025-10-31
2025-10-28;2025;T4;10;Octubre;2025-10;2025-T4;28;2;Martes;44;1;0;2025-10-01;2025-10-31
2025-10-29;2025;T4;10;Octubre;2025-10;2025-T4;29;3;Miercoles;44;1;0;2025-10-01;2025-10-31
2025-10-30;2025;T4;10;Octubre;2025-10;2025-T4;30;4;Jueves;44;1;0;2025-10-01;2025-10-31
2025-10-31;2025;T4;10;Octubre;2025-10;2025-T4;31;5;Viernes;44;0;1;2025-10-01;2025-10-31
2025-11-01;2025;T4;11;Noviembre;2025-11;2025-T4;1;6;Sabado;44;0;1;2025-11-01;2025-11-30
2025-11-02;2025;T4;11;Noviembre;2025-11;2025-T4;2;7;Domingo;44;0;0;2025-11-01;2025-11-30
2025-11-03;2025;T4;11;Noviembre;2025-11;2025-T4;3;1;Lunes;45;1;0;2025-11-01;2025-11-30
2025-11-04;2025;T4;11;Noviembre;2025-11;2025-T4;4;2;Martes;45;1;0;2025-11-01;2025-11-30
2025-11-05;2025;T4;11;Noviembre;2025-11;2025-T4;5;3;Miercoles;45;1;0;2025-11-01;2025-11-30
2025-11-06;2025;T4;11;Noviembre;2025-11;2025-T4;6;4;Jueves;45;1;0;2025-11-01;2025-11-30
2025-11-07;2025;T4;11;Noviembre;2025-11;2025-T4;7;5;Viernes;45;1;0;2025-11-01;2025-11-30
2025-11-08;2025;T4;11;Noviembre;2025-11;2025-T4;8;6;Sabado;45;0;0;2025-11-01;2025-11-30
2025-11-09;2025;T4;11;Noviembre;2025-11;2025-T4;9;7;Domingo;45;0;0;2025-11-01;2025-11-30
2025-11-10;2025;T4;11;Noviembre;2025-11;2025-T4;10;1;Lunes;46;1;0;2025-11-01;2025-11-30
2025-11-11;2025;T4;11;Noviembre;2025-11;2025-T4;11;2;Martes;46;1;0;2025-11-01;2025-11-30
2025-11-12;2025;T4;11;Noviembre;2025-11;2025-T4;12;3;Miercoles;46;1;0;2025-11-01;2025-11-30
2025-11-13;2025;T4;11;Noviembre;2025-11;2025-T4;13;4;Jueves;46;1;0;2025-11-01;2025-11-30
2025-11-14;2025;T4;11;Noviembre;2025-11;2025-T4;14;5;Viernes;46;1;0;2025-11-01;2025-11-30
2025-11-15;2025;T4;11;Noviembre;2025-11;2025-T4;15;6;Sabado;46;0;0;2025-11-01;2025-11-30
2025-11-16;2025;T4;11;Noviembre;2025-11;2025-T4;16;7;Domingo;46;0;0;2025-11-01;2025-11-30
2025-11-17;2025;T4;11;Noviembre;2025-11;2025-T4;17;1;Lunes;47;1;0;2025-11-01;2025-11-30
2025-11-18;2025;T4;11;Noviembre;2025-11;2025-T4;18;2;Martes;47;1;0;2025-11-01;2025-11-30
2025-11-19;2025;T4;11;Noviembre;2025-11;2025-T4;19;3;Miercoles;47;1;0;2025-11-01;2025-11-30
2025-11-20;2025;T4;11;Noviembre;2025-11;2025-T4;20;4;Jueves;47;1;0;2025-11-01;2025-11-30
2025-11-21;2025;T4;11;Noviembre;2025-11;2025-T4;21;5;Viernes;47;1;0;2025-11-01;2025-11-30
2025-11-22;2025;T4;11;Noviembre;2025-11;2025-T4;22;6;Sabado;47;0;0;2025-11-01;2025-11-30
2025-11-23;2025;T4;11;Noviembre;2025-11;2025-T4;23;7;Domingo;47;0;0;2025-11-01;2025-11-30
2025-11-24;2025;T4;11;Noviembre;2025-11;2025-T4;24;1;Lunes;48;1;0;2025-11-01;2025-11-30
2025-11-25;2025;T4;11;Noviembre;2025-11;2025-T4;25;2;Martes;48;1;0;2025-11-01;2025-11-30
2025-11-26;2025;T4;11;Noviembre;2025-11;2025-T4;26;3;Miercoles;48;1;0;2025-11-01;2025-11-30
2025-11-27;2025;T4;11;Noviembre;2025-11;2025-T4;27;4;Jueves;48;1;0;2025-11-01;2025-11-30
2025-11-28;2025;T4;11;Noviembre;2025-11;2025-T4;28;5;Viernes;48;1;0;2025-11-01;2025-11-30
2025-11-29;2025;T4;11;Noviembre;2025-11;2025-T4;29;6;Sabado;48;0;0;2025-11-01;2025-11-30
2025-11-30;2025;T4;11;Noviembre;2025-11;2025-T4;30;7;Domingo;48;0;0;2025-11-01;2025-11-30
2025-12-01;2025;T4;12;Diciembre;2025-12;2025-T4;1;1;Lunes;49;1;0;2025-12-01;2025-12-31
2025-12-02;2025;T4;12;Diciembre;2025-12;2025-T4;2;2;Martes;49;1;0;2025-12-01;2025-12-31
2025-12-03;2025;T4;12;Diciembre;2025-12;2025-T4;3;3;Miercoles;49;1;0;2025-12-01;2025-12-31
2025-12-04;2025;T4;12;Diciembre;2025-12;2025-T4;4;4;Jueves;49;1;0;2025-12-01;2025-12-31
2025-12-05;2025;T4;12;Diciembre;2025-12;2025-T4;5;5;Viernes;49;1;0;2025-12-01;2025-12-31
2025-12-06;2025;T4;12;Diciembre;2025-12;2025-T4;6;6;Sabado;49;0;0;2025-12-01;2025-12-31
2025-12-07;2025;T4;12;Diciembre;2025-12;2025-T4;7;7;Domingo;49;0;0;2025-12-01;2025-12-31
2025-12-08;2025;T4;12;Diciembre;2025-12;2025-T4;8;1;Lunes;50;0;1;2025-12-01;2025-12-31
2025-12-09;2025;T4;12;Diciembre;2025-12;2025-T4;9;2;Martes;50;1;0;2025-12-01;2025-12-31
2025-12-10;2025;T4;12;Diciembre;2025-12;2025-T4;10;3;Miercoles;50;1;0;2025-12-01;2025-12-31
2025-12-11;2025;T4;12;Diciembre;2025-12;2025-T4;11;4;Jueves;50;1;0;2025-12-01;2025-12-31
2025-12-12;2025;T4;12;Diciembre;2025-12;2025-T4;12;5;Viernes;50;1;0;2025-12-01;2025-12-31
2025-12-13;2025;T4;12;Diciembre;2025-12;2025-T4;13;6;Sabado;50;0;0;2025-12-01;2025-12-31
2025-12-14;2025;T4;12;Diciembre;2025-12;2025-T4;14;7;Domingo;50;0;0;2025-12-01;2025-12-31
2025-12-15;2025;T4;12;Diciembre;2025-12;2025-T4;15;1;Lunes;51;1;0;2025-12-01;2025-12-31
2025-12-16;2025;T4;12;Diciembre;2025-12;2025-T4;16;2;Martes;51;1;0;2025-12-01;2025-12-31
2025-12-17;2025;T4;12;Diciembre;2025-12;2025-T4;17;3;Miercoles;51;1;0;2025-12-01;2025-12-31
2025-12-18;2025;T4;12;Diciembre;2025-12;2025-T4;18;4;Jueves;51;1;0;2025-12-01;2025-12-31
2025-12-19;2025;T4;12;Diciembre;2025-12;2025-T4;19;5;Viernes;51;1;0;2025-12-01;2025-12-31
2025-12-20;2025;T4;12;Diciembre;2025-12;2025-T4;20;6;Sabado;51;0;0;2025-12-01;2025-12-31
2025-12-21;2025;T4;12;Diciembre;2025-12;2025-T4;21;7;Domingo;51;0;0;2025-12-01;2025-12-31
2025-12-22;2025;T4;12;Diciembre;2025-12;2025-T4;22;1;Lunes;52;1;0;2025-12-01;2025-12-31
2025-12-23;2025;T4;12;Diciembre;2025-12;2025-T4;23;2;Martes;52;1;0;2025-12-01;2025-12-31
2025-12-24;2025;T4;12;Diciembre;2025-12;2025-T4;24;3;Miercoles;52;1;0;2025-12-01;2025-12-31
2025-12-25;2025;T4;12;Diciembre;2025-12;2025-T4;25;4;Jueves;52;0;1;2025-12-01;2025-12-31
2025-12-26;2025;T4;12;Diciembre;2025-12;2025-T4;26;5;Viernes;52;1;0;2025-12-01;2025-12-31
2025-12-27;2025;T4;12;Diciembre;2025-12;2025-T4;27;6;Sabado;52;0;0;2025-12-01;2025-12-31
2025-12-28;2025;T4;12;Diciembre;2025-12;2025-T4;28;7;Domingo;52;0;0;2025-12-01;2025-12-31
2025-12-29;2025;T4;12;Diciembre;2025-12;2025-T4;29;1;Lunes;1;1;0;2025-12-01;2025-12-31
2025-12-30;2025;T4;12;Diciembre;2025-12;2025-T4;30;2;Martes;1;1;0;2025-12-01;2025-12-31
2025-12-31;2025;T4;12;Diciembre;2025-12;2025-T4;31;3;Miercoles;1;1;0;2025-12-01;2025-12-31
2026-01-01;2026;T1;1;Enero;2026-01;2026-T1;1;4;Jueves;1;0;1;2026-01-01;2026-01-31
2026-01-02;2026;T1;1;Enero;2026-01;2026-T1;2;5;Viernes;1;1;0;2026-01-01;2026-01-31
2026-01-03;2026;T1;1;Enero;2026-01;2026-T1;3;6;Sabado;1;0;0;2026-01-01;2026-01-31
2026-01-04;2026;T1;1;Enero;2026-01;2026-T1;4;7;Domingo;1;0;0;2026-01-01;2026-01-31
2026-01-05;2026;T1;1;Enero;2026-01;2026-T1;5;1;Lunes;2;1;0;2026-01-01;2026-01-31
2026-01-06;2026;T1;1;Enero;2026-01;2026-T1;6;2;Martes;2;1;0;2026-01-01;2026-01-31
2026-01-07;2026;T1;1;Enero;2026-01;2026-T1;7;3;Miercoles;2;1;0;2026-01-01;2026-01-31
2026-01-08;2026;T1;1;Enero;2026-01;2026-T1;8;4;Jueves;2;1;0;2026-01-01;2026-01-31
2026-01-09;2026;T1;1;Enero;2026-01;2026-T1;9;5;Viernes;2;1;0;2026-01-01;2026-01-31
2026-01-10;2026;T1;1;Enero;2026-01;2026-T1;10;6;Sabado;2;0;0;2026-01-01;2026-01-31
2026-01-11;2026;T1;1;Enero;2026-01;2026-T1;11;7;Domingo;2;0;0;2026-01-01;2026-01-31
2026-01-12;2026;T1;1;Enero;2026-01;2026-T1;12;1;Lunes;3;1;0;2026-01-01;2026-01-31
2026-01-13;2026;T1;1;Enero;2026-01;2026-T1;13;2;Martes;3;1;0;2026-01-01;2026-01-31
2026-01-14;2026;T1;1;Enero;2026-01;2026-T1;14;3;Miercoles;3;1;0;2026-01-01;2026-01-31
2026-01-15;2026;T1;1;Enero;2026-01;2026-T1;15;4;Jueves;3;1;0;2026-01-01;2026-01-31
2026-01-16;2026;T1;1;Enero;2026-01;2026-T1;16;5;Viernes;3;1;0;2026-01-01;2026-01-31
2026-01-17;2026;T1;1;Enero;2026-01;2026-T1;17;6;Sabado;3;0;0;2026-01-01;2026-01-31
2026-01-18;2026;T1;1;Enero;2026-01;2026-T1;18;7;Domingo;3;0;0;2026-01-01;2026-01-31
2026-01-19;2026;T1;1;Enero;2026-01;2026-T1;19;1;Lunes;4;1;0;2026-01-01;2026-01-31
2026-01-20;2026;T1;1;Enero;2026-01;2026-T1;20;2;Martes;4;1;0;2026-01-01;2026-01-31
2026-01-21;2026;T1;1;Enero;2026-01;2026-T1;21;3;Miercoles;4;1;0;2026-01-01;2026-01-31
2026-01-22;2026;T1;1;Enero;2026-01;2026-T1;22;4;Jueves;4;1;0;2026-01-01;2026-01-31
2026-01-23;2026;T1;1;Enero;2026-01;2026-T1;23;5;Viernes;4;1;0;2026-01-01;2026-01-31
2026-01-24;2026;T1;1;Enero;2026-01;2026-T1;24;6;Sabado;4;0;0;2026-01-01;2026-01-31
2026-01-25;2026;T1;1;Enero;2026-01;2026-T1;25;7;Domingo;4;0;0;2026-01-01;2026-01-31
2026-01-26;2026;T1;1;Enero;2026-01;2026-T1;26;1;Lunes;5;1;0;2026-01-01;2026-01-31
2026-01-27;2026;T1;1;Enero;2026-01;2026-T1;27;2;Martes;5;1;0;2026-01-01;2026-01-31
2026-01-28;2026;T1;1;Enero;2026-01;2026-T1;28;3;Miercoles;5;1;0;2026-01-01;2026-01-31
2026-01-29;2026;T1;1;Enero;2026-01;2026-T1;29;4;Jueves;5;1;0;2026-01-01;2026-01-31
2026-01-30;2026;T1;1;Enero;2026-01;2026-T1;30;5;Viernes;5;1;0;2026-01-01;2026-01-31
2026-01-31;2026;T1;1;Enero;2026-01;2026-T1;31;6;Sabado;5;0;0;2026-01-01;2026-01-31
2026-02-01;2026;T1;2;Febrero;2026-02;2026-T1;1;7;Domingo;5;0;0;2026-02-01;2026-02-28
2026-02-02;2026;T1;2;Febrero;2026-02;2026-T1;2;1;Lunes;6;1;0;2026-02-01;2026-02-28
2026-02-03;2026;T1;2;Febrero;2026-02;2026-T1;3;2;Martes;6;1;0;2026-02-01;2026-02-28
2026-02-04;2026;T1;2;Febrero;2026-02;2026-T1;4;3;Miercoles;6;1;0;2026-02-01;2026-02-28
2026-02-05;2026;T1;2;Febrero;2026-02;2026-T1;5;4;Jueves;6;1;0;2026-02-01;2026-02-28
2026-02-06;2026;T1;2;Febrero;2026-02;2026-T1;6;5;Viernes;6;1;0;2026-02-01;2026-02-28
2026-02-07;2026;T1;2;Febrero;2026-02;2026-T1;7;6;Sabado;6;0;0;2026-02-01;2026-02-28
2026-02-08;2026;T1;2;Febrero;2026-02;2026-T1;8;7;Domingo;6;0;0;2026-02-01;2026-02-28
2026-02-09;2026;T1;2;Febrero;2026-02;2026-T1;9;1;Lunes;7;1;0;2026-02-01;2026-02-28
2026-02-10;2026;T1;2;Febrero;2026-02;2026-T1;10;2;Martes;7;1;0;2026-02-01;2026-02-28
2026-02-11;2026;T1;2;Febrero;2026-02;2026-T1;11;3;Miercoles;7;1;0;2026-02-01;2026-02-28
2026-02-12;2026;T1;2;Febrero;2026-02;2026-T1;12;4;Jueves;7;1;0;2026-02-01;2026-02-28
2026-02-13;2026;T1;2;Febrero;2026-02;2026-T1;13;5;Viernes;7;1;0;2026-02-01;2026-02-28
2026-02-14;2026;T1;2;Febrero;2026-02;2026-T1;14;6;Sabado;7;0;0;2026-02-01;2026-02-28
2026-02-15;2026;T1;2;Febrero;2026-02;2026-T1;15;7;Domingo;7;0;0;2026-02-01;2026-02-28
2026-02-16;2026;T1;2;Febrero;2026-02;2026-T1;16;1;Lunes;8;1;0;2026-02-01;2026-02-28
2026-02-17;2026;T1;2;Febrero;2026-02;2026-T1;17;2;Martes;8;1;0;2026-02-01;2026-02-28
2026-02-18;2026;T1;2;Febrero;2026-02;2026-T1;18;3;Miercoles;8;1;0;2026-02-01;2026-02-28
2026-02-19;2026;T1;2;Febrero;2026-02;2026-T1;19;4;Jueves;8;1;0;2026-02-01;2026-02-28
2026-02-20;2026;T1;2;Febrero;2026-02;2026-T1;20;5;Viernes;8;1;0;2026-02-01;2026-02-28
2026-02-21;2026;T1;2;Febrero;2026-02;2026-T1;21;6;Sabado;8;0;0;2026-02-01;2026-02-28
2026-02-22;2026;T1;2;Febrero;2026-02;2026-T1;22;7;Domingo;8;0;0;2026-02-01;2026-02-28
2026-02-23;2026;T1;2;Febrero;2026-02;2026-T1;23;1;Lunes;9;1;0;2026-02-01;2026-02-28
2026-02-24;2026;T1;2;Febrero;2026-02;2026-T1;24;2;Martes;9;1;0;2026-02-01;2026-02-28
2026-02-25;2026;T1;2;Febrero;2026-02;2026-T1;25;3;Miercoles;9;1;0;2026-02-01;2026-02-28
2026-02-26;2026;T1;2;Febrero;2026-02;2026-T1;26;4;Jueves;9;1;0;2026-02-01;2026-02-28
2026-02-27;2026;T1;2;Febrero;2026-02;2026-T1;27;5;Viernes;9;1;0;2026-02-01;2026-02-28
2026-02-28;2026;T1;2;Febrero;2026-02;2026-T1;28;6;Sabado;9;0;0;2026-02-01;2026-02-28
2026-03-01;2026;T1;3;Marzo;2026-03;2026-T1;1;7;Domingo;9;0;0;2026-03-01;2026-03-31
2026-03-02;2026;T1;3;Marzo;2026-03;2026-T1;2;1;Lunes;10;1;0;2026-03-01;2026-03-31
2026-03-03;2026;T1;3;Marzo;2026-03;2026-T1;3;2;Martes;10;1;0;2026-03-01;2026-03-31
2026-03-04;2026;T1;3;Marzo;2026-03;2026-T1;4;3;Miercoles;10;1;0;2026-03-01;2026-03-31
2026-03-05;2026;T1;3;Marzo;2026-03;2026-T1;5;4;Jueves;10;1;0;2026-03-01;2026-03-31
2026-03-06;2026;T1;3;Marzo;2026-03;2026-T1;6;5;Viernes;10;1;0;2026-03-01;2026-03-31
2026-03-07;2026;T1;3;Marzo;2026-03;2026-T1;7;6;Sabado;10;0;0;2026-03-01;2026-03-31
2026-03-08;2026;T1;3;Marzo;2026-03;2026-T1;8;7;Domingo;10;0;0;2026-03-01;2026-03-31
2026-03-09;2026;T1;3;Marzo;2026-03;2026-T1;9;1;Lunes;11;1;0;2026-03-01;2026-03-31
2026-03-10;2026;T1;3;Marzo;2026-03;2026-T1;10;2;Martes;11;1;0;2026-03-01;2026-03-31
2026-03-11;2026;T1;3;Marzo;2026-03;2026-T1;11;3;Miercoles;11;1;0;2026-03-01;2026-03-31
2026-03-12;2026;T1;3;Marzo;2026-03;2026-T1;12;4;Jueves;11;1;0;2026-03-01;2026-03-31
2026-03-13;2026;T1;3;Marzo;2026-03;2026-T1;13;5;Viernes;11;1;0;2026-03-01;2026-03-31
2026-03-14;2026;T1;3;Marzo;2026-03;2026-T1;14;6;Sabado;11;0;0;2026-03-01;2026-03-31
2026-03-15;2026;T1;3;Marzo;2026-03;2026-T1;15;7;Domingo;11;0;0;2026-03-01;2026-03-31
2026-03-16;2026;T1;3;Marzo;2026-03;2026-T1;16;1;Lunes;12;1;0;2026-03-01;2026-03-31
2026-03-17;2026;T1;3;Marzo;2026-03;2026-T1;17;2;Martes;12;1;0;2026-03-01;2026-03-31
2026-03-18;2026;T1;3;Marzo;2026-03;2026-T1;18;3;Miercoles;12;1;0;2026-03-01;2026-03-31
2026-03-19;2026;T1;3;Marzo;2026-03;2026-T1;19;4;Jueves;12;1;0;2026-03-01;2026-03-31
2026-03-20;2026;T1;3;Marzo;2026-03;2026-T1;20;5;Viernes;12;1;0;2026-03-01;2026-03-31
2026-03-21;2026;T1;3;Marzo;2026-03;2026-T1;21;6;Sabado;12;0;0;2026-03-01;2026-03-31
2026-03-22;2026;T1;3;Marzo;2026-03;2026-T1;22;7;Domingo;12;0;0;2026-03-01;2026-03-31
2026-03-23;2026;T1;3;Marzo;2026-03;2026-T1;23;1;Lunes;13;1;0;2026-03-01;2026-03-31
2026-03-24;2026;T1;3;Marzo;2026-03;2026-T1;24;2;Martes;13;1;0;2026-03-01;2026-03-31
2026-03-25;2026;T1;3;Marzo;2026-03;2026-T1;25;3;Miercoles;13;1;0;2026-03-01;2026-03-31
2026-03-26;2026;T1;3;Marzo;2026-03;2026-T1;26;4;Jueves;13;1;0;2026-03-01;2026-03-31
2026-03-27;2026;T1;3;Marzo;2026-03;2026-T1;27;5;Viernes;13;1;0;2026-03-01;2026-03-31
2026-03-28;2026;T1;3;Marzo;2026-03;2026-T1;28;6;Sabado;13;0;0;2026-03-01;2026-03-31
2026-03-29;2026;T1;3;Marzo;2026-03;2026-T1;29;7;Domingo;13;0;0;2026-03-01;2026-03-31
2026-03-30;2026;T1;3;Marzo;2026-03;2026-T1;30;1;Lunes;14;1;0;2026-03-01;2026-03-31
2026-03-31;2026;T1;3;Marzo;2026-03;2026-T1;31;2;Martes;14;1;0;2026-03-01;2026-03-31
2026-04-01;2026;T2;4;Abril;2026-04;2026-T2;1;3;Miercoles;14;1;0;2026-04-01;2026-04-30
2026-04-02;2026;T2;4;Abril;2026-04;2026-T2;2;4;Jueves;14;1;0;2026-04-01;2026-04-30
2026-04-03;2026;T2;4;Abril;2026-04;2026-T2;3;5;Viernes;14;0;1;2026-04-01;2026-04-30
2026-04-04;2026;T2;4;Abril;2026-04;2026-T2;4;6;Sabado;14;0;1;2026-04-01;2026-04-30
2026-04-05;2026;T2;4;Abril;2026-04;2026-T2;5;7;Domingo;14;0;0;2026-04-01;2026-04-30
2026-04-06;2026;T2;4;Abril;2026-04;2026-T2;6;1;Lunes;15;1;0;2026-04-01;2026-04-30
2026-04-07;2026;T2;4;Abril;2026-04;2026-T2;7;2;Martes;15;1;0;2026-04-01;2026-04-30
2026-04-08;2026;T2;4;Abril;2026-04;2026-T2;8;3;Miercoles;15;1;0;2026-04-01;2026-04-30
2026-04-09;2026;T2;4;Abril;2026-04;2026-T2;9;4;Jueves;15;1;0;2026-04-01;2026-04-30
2026-04-10;2026;T2;4;Abril;2026-04;2026-T2;10;5;Viernes;15;1;0;2026-04-01;2026-04-30
2026-04-11;2026;T2;4;Abril;2026-04;2026-T2;11;6;Sabado;15;0;0;2026-04-01;2026-04-30
2026-04-12;2026;T2;4;Abril;2026-04;2026-T2;12;7;Domingo;15;0;0;2026-04-01;2026-04-30
2026-04-13;2026;T2;4;Abril;2026-04;2026-T2;13;1;Lunes;16;1;0;2026-04-01;2026-04-30
2026-04-14;2026;T2;4;Abril;2026-04;2026-T2;14;2;Martes;16;1;0;2026-04-01;2026-04-30
2026-04-15;2026;T2;4;Abril;2026-04;2026-T2;15;3;Miercoles;16;1;0;2026-04-01;2026-04-30
2026-04-16;2026;T2;4;Abril;2026-04;2026-T2;16;4;Jueves;16;1;0;2026-04-01;2026-04-30
2026-04-17;2026;T2;4;Abril;2026-04;2026-T2;17;5;Viernes;16;1;0;2026-04-01;2026-04-30
2026-04-18;2026;T2;4;Abril;2026-04;2026-T2;18;6;Sabado;16;0;0;2026-04-01;2026-04-30
2026-04-19;2026;T2;4;Abril;2026-04;2026-T2;19;7;Domingo;16;0;0;2026-04-01;2026-04-30
2026-04-20;2026;T2;4;Abril;2026-04;2026-T2;20;1;Lunes;17;1;0;2026-04-01;2026-04-30
2026-04-21;2026;T2;4;Abril;2026-04;2026-T2;21;2;Martes;17;1;0;2026-04-01;2026-04-30
2026-04-22;2026;T2;4;Abril;2026-04;2026-T2;22;3;Miercoles;17;1;0;2026-04-01;2026-04-30
2026-04-23;2026;T2;4;Abril;2026-04;2026-T2;23;4;Jueves;17;1;0;2026-04-01;2026-04-30
2026-04-24;2026;T2;4;Abril;2026-04;2026-T2;24;5;Viernes;17;1;0;2026-04-01;2026-04-30
2026-04-25;2026;T2;4;Abril;2026-04;2026-T2;25;6;Sabado;17;0;0;2026-04-01;2026-04-30
2026-04-26;2026;T2;4;Abril;2026-04;2026-T2;26;7;Domingo;17;0;0;2026-04-01;2026-04-30
2026-04-27;2026;T2;4;Abril;2026-04;2026-T2;27;1;Lunes;18;1;0;2026-04-01;2026-04-30
2026-04-28;2026;T2;4;Abril;2026-04;2026-T2;28;2;Martes;18;1;0;2026-04-01;2026-04-30
2026-04-29;2026;T2;4;Abril;2026-04;2026-T2;29;3;Miercoles;18;1;0;2026-04-01;2026-04-30
2026-04-30;2026;T2;4;Abril;2026-04;2026-T2;30;4;Jueves;18;1;0;2026-04-01;2026-04-30
2026-05-01;2026;T2;5;Mayo;2026-05;2026-T2;1;5;Viernes;18;0;1;2026-05-01;2026-05-31
2026-05-02;2026;T2;5;Mayo;2026-05;2026-T2;2;6;Sabado;18;0;0;2026-05-01;2026-05-31
2026-05-03;2026;T2;5;Mayo;2026-05;2026-T2;3;7;Domingo;18;0;0;2026-05-01;2026-05-31
2026-05-04;2026;T2;5;Mayo;2026-05;2026-T2;4;1;Lunes;19;1;0;2026-05-01;2026-05-31
2026-05-05;2026;T2;5;Mayo;2026-05;2026-T2;5;2;Martes;19;1;0;2026-05-01;2026-05-31
2026-05-06;2026;T2;5;Mayo;2026-05;2026-T2;6;3;Miercoles;19;1;0;2026-05-01;2026-05-31
2026-05-07;2026;T2;5;Mayo;2026-05;2026-T2;7;4;Jueves;19;1;0;2026-05-01;2026-05-31
2026-05-08;2026;T2;5;Mayo;2026-05;2026-T2;8;5;Viernes;19;1;0;2026-05-01;2026-05-31
2026-05-09;2026;T2;5;Mayo;2026-05;2026-T2;9;6;Sabado;19;0;0;2026-05-01;2026-05-31
2026-05-10;2026;T2;5;Mayo;2026-05;2026-T2;10;7;Domingo;19;0;0;2026-05-01;2026-05-31
2026-05-11;2026;T2;5;Mayo;2026-05;2026-T2;11;1;Lunes;20;1;0;2026-05-01;2026-05-31
2026-05-12;2026;T2;5;Mayo;2026-05;2026-T2;12;2;Martes;20;1;0;2026-05-01;2026-05-31
2026-05-13;2026;T2;5;Mayo;2026-05;2026-T2;13;3;Miercoles;20;1;0;2026-05-01;2026-05-31
2026-05-14;2026;T2;5;Mayo;2026-05;2026-T2;14;4;Jueves;20;1;0;2026-05-01;2026-05-31
2026-05-15;2026;T2;5;Mayo;2026-05;2026-T2;15;5;Viernes;20;1;0;2026-05-01;2026-05-31
2026-05-16;2026;T2;5;Mayo;2026-05;2026-T2;16;6;Sabado;20;0;0;2026-05-01;2026-05-31
2026-05-17;2026;T2;5;Mayo;2026-05;2026-T2;17;7;Domingo;20;0;0;2026-05-01;2026-05-31
2026-05-18;2026;T2;5;Mayo;2026-05;2026-T2;18;1;Lunes;21;1;0;2026-05-01;2026-05-31
2026-05-19;2026;T2;5;Mayo;2026-05;2026-T2;19;2;Martes;21;1;0;2026-05-01;2026-05-31
2026-05-20;2026;T2;5;Mayo;2026-05;2026-T2;20;3;Miercoles;21;1;0;2026-05-01;2026-05-31
2026-05-21;2026;T2;5;Mayo;2026-05;2026-T2;21;4;Jueves;21;0;1;2026-05-01;2026-05-31
2026-05-22;2026;T2;5;Mayo;2026-05;2026-T2;22;5;Viernes;21;1;0;2026-05-01;2026-05-31
2026-05-23;2026;T2;5;Mayo;2026-05;2026-T2;23;6;Sabado;21;0;0;2026-05-01;2026-05-31
2026-05-24;2026;T2;5;Mayo;2026-05;2026-T2;24;7;Domingo;21;0;0;2026-05-01;2026-05-31
2026-05-25;2026;T2;5;Mayo;2026-05;2026-T2;25;1;Lunes;22;1;0;2026-05-01;2026-05-31
2026-05-26;2026;T2;5;Mayo;2026-05;2026-T2;26;2;Martes;22;1;0;2026-05-01;2026-05-31
2026-05-27;2026;T2;5;Mayo;2026-05;2026-T2;27;3;Miercoles;22;1;0;2026-05-01;2026-05-31
2026-05-28;2026;T2;5;Mayo;2026-05;2026-T2;28;4;Jueves;22;1;0;2026-05-01;2026-05-31
2026-05-29;2026;T2;5;Mayo;2026-05;2026-T2;29;5;Viernes;22;1;0;2026-05-01;2026-05-31
2026-05-30;2026;T2;5;Mayo;2026-05;2026-T2;30;6;Sabado;22;0;0;2026-05-01;2026-05-31
2026-05-31;2026;T2;5;Mayo;2026-05;2026-T2;31;7;Domingo;22;0;0;2026-05-01;2026-05-31
2026-06-01;2026;T2;6;Junio;2026-06;2026-T2;1;1;Lunes;23;1;0;2026-06-01;2026-06-30
2026-06-02;2026;T2;6;Junio;2026-06;2026-T2;2;2;Martes;23;1;0;2026-06-01;2026-06-30
2026-06-03;2026;T2;6;Junio;2026-06;2026-T2;3;3;Miercoles;23;1;0;2026-06-01;2026-06-30
2026-06-04;2026;T2;6;Junio;2026-06;2026-T2;4;4;Jueves;23;1;0;2026-06-01;2026-06-30
2026-06-05;2026;T2;6;Junio;2026-06;2026-T2;5;5;Viernes;23;1;0;2026-06-01;2026-06-30
2026-06-06;2026;T2;6;Junio;2026-06;2026-T2;6;6;Sabado;23;0;0;2026-06-01;2026-06-30
2026-06-07;2026;T2;6;Junio;2026-06;2026-T2;7;7;Domingo;23;0;0;2026-06-01;2026-06-30
2026-06-08;2026;T2;6;Junio;2026-06;2026-T2;8;1;Lunes;24;1;0;2026-06-01;2026-06-30
2026-06-09;2026;T2;6;Junio;2026-06;2026-T2;9;2;Martes;24;1;0;2026-06-01;2026-06-30
2026-06-10;2026;T2;6;Junio;2026-06;2026-T2;10;3;Miercoles;24;1;0;2026-06-01;2026-06-30
2026-06-11;2026;T2;6;Junio;2026-06;2026-T2;11;4;Jueves;24;1;0;2026-06-01;2026-06-30
2026-06-12;2026;T2;6;Junio;2026-06;2026-T2;12;5;Viernes;24;1;0;2026-06-01;2026-06-30
2026-06-13;2026;T2;6;Junio;2026-06;2026-T2;13;6;Sabado;24;0;0;2026-06-01;2026-06-30
2026-06-14;2026;T2;6;Junio;2026-06;2026-T2;14;7;Domingo;24;0;0;2026-06-01;2026-06-30
2026-06-15;2026;T2;6;Junio;2026-06;2026-T2;15;1;Lunes;25;1;0;2026-06-01;2026-06-30
2026-06-16;2026;T2;6;Junio;2026-06;2026-T2;16;2;Martes;25;1;0;2026-06-01;2026-06-30
2026-06-17;2026;T2;6;Junio;2026-06;2026-T2;17;3;Miercoles;25;1;0;2026-06-01;2026-06-30
2026-06-18;2026;T2;6;Junio;2026-06;2026-T2;18;4;Jueves;25;1;0;2026-06-01;2026-06-30
2026-06-19;2026;T2;6;Junio;2026-06;2026-T2;19;5;Viernes;25;1;0;2026-06-01;2026-06-30
2026-06-20;2026;T2;6;Junio;2026-06;2026-T2;20;6;Sabado;25;0;1;2026-06-01;2026-06-30
2026-06-21;2026;T2;6;Junio;2026-06;2026-T2;21;7;Domingo;25;0;0;2026-06-01;2026-06-30
2026-06-22;2026;T2;6;Junio;2026-06;2026-T2;22;1;Lunes;26;1;0;2026-06-01;2026-06-30
2026-06-23;2026;T2;6;Junio;2026-06;2026-T2;23;2;Martes;26;1;0;2026-06-01;2026-06-30
2026-06-24;2026;T2;6;Junio;2026-06;2026-T2;24;3;Miercoles;26;1;0;2026-06-01;2026-06-30
2026-06-25;2026;T2;6;Junio;2026-06;2026-T2;25;4;Jueves;26;1;0;2026-06-01;2026-06-30
2026-06-26;2026;T2;6;Junio;2026-06;2026-T2;26;5;Viernes;26;1;0;2026-06-01;2026-06-30
2026-06-27;2026;T2;6;Junio;2026-06;2026-T2;27;6;Sabado;26;0;0;2026-06-01;2026-06-30
2026-06-28;2026;T2;6;Junio;2026-06;2026-T2;28;7;Domingo;26;0;0;2026-06-01;2026-06-30
2026-06-29;2026;T2;6;Junio;2026-06;2026-T2;29;1;Lunes;27;0;1;2026-06-01;2026-06-30
2026-06-30;2026;T2;6;Junio;2026-06;2026-T2;30;2;Martes;27;1;0;2026-06-01;2026-06-30
2026-07-01;2026;T3;7;Julio;2026-07;2026-T3;1;3;Miercoles;27;1;0;2026-07-01;2026-07-31
2026-07-02;2026;T3;7;Julio;2026-07;2026-T3;2;4;Jueves;27;1;0;2026-07-01;2026-07-31
2026-07-03;2026;T3;7;Julio;2026-07;2026-T3;3;5;Viernes;27;1;0;2026-07-01;2026-07-31
2026-07-04;2026;T3;7;Julio;2026-07;2026-T3;4;6;Sabado;27;0;0;2026-07-01;2026-07-31
2026-07-05;2026;T3;7;Julio;2026-07;2026-T3;5;7;Domingo;27;0;0;2026-07-01;2026-07-31
2026-07-06;2026;T3;7;Julio;2026-07;2026-T3;6;1;Lunes;28;1;0;2026-07-01;2026-07-31
2026-07-07;2026;T3;7;Julio;2026-07;2026-T3;7;2;Martes;28;1;0;2026-07-01;2026-07-31
2026-07-08;2026;T3;7;Julio;2026-07;2026-T3;8;3;Miercoles;28;1;0;2026-07-01;2026-07-31
2026-07-09;2026;T3;7;Julio;2026-07;2026-T3;9;4;Jueves;28;1;0;2026-07-01;2026-07-31
2026-07-10;2026;T3;7;Julio;2026-07;2026-T3;10;5;Viernes;28;1;0;2026-07-01;2026-07-31
2026-07-11;2026;T3;7;Julio;2026-07;2026-T3;11;6;Sabado;28;0;0;2026-07-01;2026-07-31
2026-07-12;2026;T3;7;Julio;2026-07;2026-T3;12;7;Domingo;28;0;0;2026-07-01;2026-07-31
2026-07-13;2026;T3;7;Julio;2026-07;2026-T3;13;1;Lunes;29;1;0;2026-07-01;2026-07-31
2026-07-14;2026;T3;7;Julio;2026-07;2026-T3;14;2;Martes;29;1;0;2026-07-01;2026-07-31
2026-07-15;2026;T3;7;Julio;2026-07;2026-T3;15;3;Miercoles;29;1;0;2026-07-01;2026-07-31
2026-07-16;2026;T3;7;Julio;2026-07;2026-T3;16;4;Jueves;29;0;1;2026-07-01;2026-07-31
2026-07-17;2026;T3;7;Julio;2026-07;2026-T3;17;5;Viernes;29;1;0;2026-07-01;2026-07-31
2026-07-18;2026;T3;7;Julio;2026-07;2026-T3;18;6;Sabado;29;0;0;2026-07-01;2026-07-31
2026-07-19;2026;T3;7;Julio;2026-07;2026-T3;19;7;Domingo;29;0;0;2026-07-01;2026-07-31
2026-07-20;2026;T3;7;Julio;2026-07;2026-T3;20;1;Lunes;30;1;0;2026-07-01;2026-07-31
2026-07-21;2026;T3;7;Julio;2026-07;2026-T3;21;2;Martes;30;1;0;2026-07-01;2026-07-31
2026-07-22;2026;T3;7;Julio;2026-07;2026-T3;22;3;Miercoles;30;1;0;2026-07-01;2026-07-31
2026-07-23;2026;T3;7;Julio;2026-07;2026-T3;23;4;Jueves;30;1;0;2026-07-01;2026-07-31
2026-07-24;2026;T3;7;Julio;2026-07;2026-T3;24;5;Viernes;30;1;0;2026-07-01;2026-07-31
2026-07-25;2026;T3;7;Julio;2026-07;2026-T3;25;6;Sabado;30;0;0;2026-07-01;2026-07-31
2026-07-26;2026;T3;7;Julio;2026-07;2026-T3;26;7;Domingo;30;0;0;2026-07-01;2026-07-31
2026-07-27;2026;T3;7;Julio;2026-07;2026-T3;27;1;Lunes;31;1;0;2026-07-01;2026-07-31
2026-07-28;2026;T3;7;Julio;2026-07;2026-T3;28;2;Martes;31;1;0;2026-07-01;2026-07-31
2026-07-29;2026;T3;7;Julio;2026-07;2026-T3;29;3;Miercoles;31;1;0;2026-07-01;2026-07-31
2026-07-30;2026;T3;7;Julio;2026-07;2026-T3;30;4;Jueves;31;1;0;2026-07-01;2026-07-31
2026-07-31;2026;T3;7;Julio;2026-07;2026-T3;31;5;Viernes;31;1;0;2026-07-01;2026-07-31
2026-08-01;2026;T3;8;Agosto;2026-08;2026-T3;1;6;Sabado;31;0;0;2026-08-01;2026-08-31
2026-08-02;2026;T3;8;Agosto;2026-08;2026-T3;2;7;Domingo;31;0;0;2026-08-01;2026-08-31
2026-08-03;2026;T3;8;Agosto;2026-08;2026-T3;3;1;Lunes;32;1;0;2026-08-01;2026-08-31
2026-08-04;2026;T3;8;Agosto;2026-08;2026-T3;4;2;Martes;32;1;0;2026-08-01;2026-08-31
2026-08-05;2026;T3;8;Agosto;2026-08;2026-T3;5;3;Miercoles;32;1;0;2026-08-01;2026-08-31
2026-08-06;2026;T3;8;Agosto;2026-08;2026-T3;6;4;Jueves;32;1;0;2026-08-01;2026-08-31
2026-08-07;2026;T3;8;Agosto;2026-08;2026-T3;7;5;Viernes;32;1;0;2026-08-01;2026-08-31
2026-08-08;2026;T3;8;Agosto;2026-08;2026-T3;8;6;Sabado;32;0;0;2026-08-01;2026-08-31
2026-08-09;2026;T3;8;Agosto;2026-08;2026-T3;9;7;Domingo;32;0;0;2026-08-01;2026-08-31
2026-08-10;2026;T3;8;Agosto;2026-08;2026-T3;10;1;Lunes;33;1;0;2026-08-01;2026-08-31
2026-08-11;2026;T3;8;Agosto;2026-08;2026-T3;11;2;Martes;33;1;0;2026-08-01;2026-08-31
2026-08-12;2026;T3;8;Agosto;2026-08;2026-T3;12;3;Miercoles;33;1;0;2026-08-01;2026-08-31
2026-08-13;2026;T3;8;Agosto;2026-08;2026-T3;13;4;Jueves;33;1;0;2026-08-01;2026-08-31
2026-08-14;2026;T3;8;Agosto;2026-08;2026-T3;14;5;Viernes;33;1;0;2026-08-01;2026-08-31
2026-08-15;2026;T3;8;Agosto;2026-08;2026-T3;15;6;Sabado;33;0;1;2026-08-01;2026-08-31
2026-08-16;2026;T3;8;Agosto;2026-08;2026-T3;16;7;Domingo;33;0;0;2026-08-01;2026-08-31
2026-08-17;2026;T3;8;Agosto;2026-08;2026-T3;17;1;Lunes;34;1;0;2026-08-01;2026-08-31
2026-08-18;2026;T3;8;Agosto;2026-08;2026-T3;18;2;Martes;34;1;0;2026-08-01;2026-08-31
2026-08-19;2026;T3;8;Agosto;2026-08;2026-T3;19;3;Miercoles;34;1;0;2026-08-01;2026-08-31
2026-08-20;2026;T3;8;Agosto;2026-08;2026-T3;20;4;Jueves;34;1;0;2026-08-01;2026-08-31
2026-08-21;2026;T3;8;Agosto;2026-08;2026-T3;21;5;Viernes;34;1;0;2026-08-01;2026-08-31
2026-08-22;2026;T3;8;Agosto;2026-08;2026-T3;22;6;Sabado;34;0;0;2026-08-01;2026-08-31
2026-08-23;2026;T3;8;Agosto;2026-08;2026-T3;23;7;Domingo;34;0;0;2026-08-01;2026-08-31
2026-08-24;2026;T3;8;Agosto;2026-08;2026-T3;24;1;Lunes;35;1;0;2026-08-01;2026-08-31
2026-08-25;2026;T3;8;Agosto;2026-08;2026-T3;25;2;Martes;35;1;0;2026-08-01;2026-08-31
2026-08-26;2026;T3;8;Agosto;2026-08;2026-T3;26;3;Miercoles;35;1;0;2026-08-01;2026-08-31
2026-08-27;2026;T3;8;Agosto;2026-08;2026-T3;27;4;Jueves;35;1;0;2026-08-01;2026-08-31
2026-08-28;2026;T3;8;Agosto;2026-08;2026-T3;28;5;Viernes;35;1;0;2026-08-01;2026-08-31
2026-08-29;2026;T3;8;Agosto;2026-08;2026-T3;29;6;Sabado;35;0;0;2026-08-01;2026-08-31
2026-08-30;2026;T3;8;Agosto;2026-08;2026-T3;30;7;Domingo;35;0;0;2026-08-01;2026-08-31
2026-08-31;2026;T3;8;Agosto;2026-08;2026-T3;31;1;Lunes;36;1;0;2026-08-01;2026-08-31
2026-09-01;2026;T3;9;Septiembre;2026-09;2026-T3;1;2;Martes;36;1;0;2026-09-01;2026-09-30
2026-09-02;2026;T3;9;Septiembre;2026-09;2026-T3;2;3;Miercoles;36;1;0;2026-09-01;2026-09-30
2026-09-03;2026;T3;9;Septiembre;2026-09;2026-T3;3;4;Jueves;36;1;0;2026-09-01;2026-09-30
2026-09-04;2026;T3;9;Septiembre;2026-09;2026-T3;4;5;Viernes;36;1;0;2026-09-01;2026-09-30
2026-09-05;2026;T3;9;Septiembre;2026-09;2026-T3;5;6;Sabado;36;0;0;2026-09-01;2026-09-30
2026-09-06;2026;T3;9;Septiembre;2026-09;2026-T3;6;7;Domingo;36;0;0;2026-09-01;2026-09-30
2026-09-07;2026;T3;9;Septiembre;2026-09;2026-T3;7;1;Lunes;37;1;0;2026-09-01;2026-09-30
2026-09-08;2026;T3;9;Septiembre;2026-09;2026-T3;8;2;Martes;37;1;0;2026-09-01;2026-09-30
2026-09-09;2026;T3;9;Septiembre;2026-09;2026-T3;9;3;Miercoles;37;1;0;2026-09-01;2026-09-30
2026-09-10;2026;T3;9;Septiembre;2026-09;2026-T3;10;4;Jueves;37;1;0;2026-09-01;2026-09-30
2026-09-11;2026;T3;9;Septiembre;2026-09;2026-T3;11;5;Viernes;37;1;0;2026-09-01;2026-09-30
2026-09-12;2026;T3;9;Septiembre;2026-09;2026-T3;12;6;Sabado;37;0;0;2026-09-01;2026-09-30
2026-09-13;2026;T3;9;Septiembre;2026-09;2026-T3;13;7;Domingo;37;0;0;2026-09-01;2026-09-30
2026-09-14;2026;T3;9;Septiembre;2026-09;2026-T3;14;1;Lunes;38;1;0;2026-09-01;2026-09-30
2026-09-15;2026;T3;9;Septiembre;2026-09;2026-T3;15;2;Martes;38;1;0;2026-09-01;2026-09-30
2026-09-16;2026;T3;9;Septiembre;2026-09;2026-T3;16;3;Miercoles;38;1;0;2026-09-01;2026-09-30
2026-09-17;2026;T3;9;Septiembre;2026-09;2026-T3;17;4;Jueves;38;1;0;2026-09-01;2026-09-30
2026-09-18;2026;T3;9;Septiembre;2026-09;2026-T3;18;5;Viernes;38;0;1;2026-09-01;2026-09-30
2026-09-19;2026;T3;9;Septiembre;2026-09;2026-T3;19;6;Sabado;38;0;1;2026-09-01;2026-09-30
2026-09-20;2026;T3;9;Septiembre;2026-09;2026-T3;20;7;Domingo;38;0;0;2026-09-01;2026-09-30
2026-09-21;2026;T3;9;Septiembre;2026-09;2026-T3;21;1;Lunes;39;1;0;2026-09-01;2026-09-30
2026-09-22;2026;T3;9;Septiembre;2026-09;2026-T3;22;2;Martes;39;1;0;2026-09-01;2026-09-30
2026-09-23;2026;T3;9;Septiembre;2026-09;2026-T3;23;3;Miercoles;39;1;0;2026-09-01;2026-09-30
2026-09-24;2026;T3;9;Septiembre;2026-09;2026-T3;24;4;Jueves;39;1;0;2026-09-01;2026-09-30
2026-09-25;2026;T3;9;Septiembre;2026-09;2026-T3;25;5;Viernes;39;1;0;2026-09-01;2026-09-30
2026-09-26;2026;T3;9;Septiembre;2026-09;2026-T3;26;6;Sabado;39;0;0;2026-09-01;2026-09-30
2026-09-27;2026;T3;9;Septiembre;2026-09;2026-T3;27;7;Domingo;39;0;0;2026-09-01;2026-09-30
2026-09-28;2026;T3;9;Septiembre;2026-09;2026-T3;28;1;Lunes;40;1;0;2026-09-01;2026-09-30
2026-09-29;2026;T3;9;Septiembre;2026-09;2026-T3;29;2;Martes;40;1;0;2026-09-01;2026-09-30
2026-09-30;2026;T3;9;Septiembre;2026-09;2026-T3;30;3;Miercoles;40;1;0;2026-09-01;2026-09-30
2026-10-01;2026;T4;10;Octubre;2026-10;2026-T4;1;4;Jueves;40;1;0;2026-10-01;2026-10-31
2026-10-02;2026;T4;10;Octubre;2026-10;2026-T4;2;5;Viernes;40;1;0;2026-10-01;2026-10-31
2026-10-03;2026;T4;10;Octubre;2026-10;2026-T4;3;6;Sabado;40;0;0;2026-10-01;2026-10-31
2026-10-04;2026;T4;10;Octubre;2026-10;2026-T4;4;7;Domingo;40;0;0;2026-10-01;2026-10-31
2026-10-05;2026;T4;10;Octubre;2026-10;2026-T4;5;1;Lunes;41;1;0;2026-10-01;2026-10-31
2026-10-06;2026;T4;10;Octubre;2026-10;2026-T4;6;2;Martes;41;1;0;2026-10-01;2026-10-31
2026-10-07;2026;T4;10;Octubre;2026-10;2026-T4;7;3;Miercoles;41;1;0;2026-10-01;2026-10-31
2026-10-08;2026;T4;10;Octubre;2026-10;2026-T4;8;4;Jueves;41;1;0;2026-10-01;2026-10-31
2026-10-09;2026;T4;10;Octubre;2026-10;2026-T4;9;5;Viernes;41;1;0;2026-10-01;2026-10-31
2026-10-10;2026;T4;10;Octubre;2026-10;2026-T4;10;6;Sabado;41;0;0;2026-10-01;2026-10-31
2026-10-11;2026;T4;10;Octubre;2026-10;2026-T4;11;7;Domingo;41;0;0;2026-10-01;2026-10-31
2026-10-12;2026;T4;10;Octubre;2026-10;2026-T4;12;1;Lunes;42;0;1;2026-10-01;2026-10-31
2026-10-13;2026;T4;10;Octubre;2026-10;2026-T4;13;2;Martes;42;1;0;2026-10-01;2026-10-31
2026-10-14;2026;T4;10;Octubre;2026-10;2026-T4;14;3;Miercoles;42;1;0;2026-10-01;2026-10-31
2026-10-15;2026;T4;10;Octubre;2026-10;2026-T4;15;4;Jueves;42;1;0;2026-10-01;2026-10-31
2026-10-16;2026;T4;10;Octubre;2026-10;2026-T4;16;5;Viernes;42;1;0;2026-10-01;2026-10-31
2026-10-17;2026;T4;10;Octubre;2026-10;2026-T4;17;6;Sabado;42;0;0;2026-10-01;2026-10-31
2026-10-18;2026;T4;10;Octubre;2026-10;2026-T4;18;7;Domingo;42;0;0;2026-10-01;2026-10-31
2026-10-19;2026;T4;10;Octubre;2026-10;2026-T4;19;1;Lunes;43;1;0;2026-10-01;2026-10-31
2026-10-20;2026;T4;10;Octubre;2026-10;2026-T4;20;2;Martes;43;1;0;2026-10-01;2026-10-31
2026-10-21;2026;T4;10;Octubre;2026-10;2026-T4;21;3;Miercoles;43;1;0;2026-10-01;2026-10-31
2026-10-22;2026;T4;10;Octubre;2026-10;2026-T4;22;4;Jueves;43;1;0;2026-10-01;2026-10-31
2026-10-23;2026;T4;10;Octubre;2026-10;2026-T4;23;5;Viernes;43;1;0;2026-10-01;2026-10-31
2026-10-24;2026;T4;10;Octubre;2026-10;2026-T4;24;6;Sabado;43;0;0;2026-10-01;2026-10-31
2026-10-25;2026;T4;10;Octubre;2026-10;2026-T4;25;7;Domingo;43;0;0;2026-10-01;2026-10-31
2026-10-26;2026;T4;10;Octubre;2026-10;2026-T4;26;1;Lunes;44;1;0;2026-10-01;2026-10-31
2026-10-27;2026;T4;10;Octubre;2026-10;2026-T4;27;2;Martes;44;1;0;2026-10-01;2026-10-31
2026-10-28;2026;T4;10;Octubre;2026-10;2026-T4;28;3;Miercoles;44;1;0;2026-10-01;2026-10-31
2026-10-29;2026;T4;10;Octubre;2026-10;2026-T4;29;4;Jueves;44;1;0;2026-10-01;2026-10-31
2026-10-30;2026;T4;10;Octubre;2026-10;2026-T4;30;5;Viernes;44;1;0;2026-10-01;2026-10-31
2026-10-31;2026;T4;10;Octubre;2026-10;2026-T4;31;6;Sabado;44;0;1;2026-10-01;2026-10-31
2026-11-01;2026;T4;11;Noviembre;2026-11;2026-T4;1;7;Domingo;44;0;1;2026-11-01;2026-11-30
2026-11-02;2026;T4;11;Noviembre;2026-11;2026-T4;2;1;Lunes;45;1;0;2026-11-01;2026-11-30
2026-11-03;2026;T4;11;Noviembre;2026-11;2026-T4;3;2;Martes;45;1;0;2026-11-01;2026-11-30
2026-11-04;2026;T4;11;Noviembre;2026-11;2026-T4;4;3;Miercoles;45;1;0;2026-11-01;2026-11-30
2026-11-05;2026;T4;11;Noviembre;2026-11;2026-T4;5;4;Jueves;45;1;0;2026-11-01;2026-11-30
2026-11-06;2026;T4;11;Noviembre;2026-11;2026-T4;6;5;Viernes;45;1;0;2026-11-01;2026-11-30
2026-11-07;2026;T4;11;Noviembre;2026-11;2026-T4;7;6;Sabado;45;0;0;2026-11-01;2026-11-30
2026-11-08;2026;T4;11;Noviembre;2026-11;2026-T4;8;7;Domingo;45;0;0;2026-11-01;2026-11-30
2026-11-09;2026;T4;11;Noviembre;2026-11;2026-T4;9;1;Lunes;46;1;0;2026-11-01;2026-11-30
2026-11-10;2026;T4;11;Noviembre;2026-11;2026-T4;10;2;Martes;46;1;0;2026-11-01;2026-11-30
2026-11-11;2026;T4;11;Noviembre;2026-11;2026-T4;11;3;Miercoles;46;1;0;2026-11-01;2026-11-30
2026-11-12;2026;T4;11;Noviembre;2026-11;2026-T4;12;4;Jueves;46;1;0;2026-11-01;2026-11-30
2026-11-13;2026;T4;11;Noviembre;2026-11;2026-T4;13;5;Viernes;46;1;0;2026-11-01;2026-11-30
2026-11-14;2026;T4;11;Noviembre;2026-11;2026-T4;14;6;Sabado;46;0;0;2026-11-01;2026-11-30
2026-11-15;2026;T4;11;Noviembre;2026-11;2026-T4;15;7;Domingo;46;0;0;2026-11-01;2026-11-30
2026-11-16;2026;T4;11;Noviembre;2026-11;2026-T4;16;1;Lunes;47;1;0;2026-11-01;2026-11-30
2026-11-17;2026;T4;11;Noviembre;2026-11;2026-T4;17;2;Martes;47;1;0;2026-11-01;2026-11-30
2026-11-18;2026;T4;11;Noviembre;2026-11;2026-T4;18;3;Miercoles;47;1;0;2026-11-01;2026-11-30
2026-11-19;2026;T4;11;Noviembre;2026-11;2026-T4;19;4;Jueves;47;1;0;2026-11-01;2026-11-30
2026-11-20;2026;T4;11;Noviembre;2026-11;2026-T4;20;5;Viernes;47;1;0;2026-11-01;2026-11-30
2026-11-21;2026;T4;11;Noviembre;2026-11;2026-T4;21;6;Sabado;47;0;0;2026-11-01;2026-11-30
2026-11-22;2026;T4;11;Noviembre;2026-11;2026-T4;22;7;Domingo;47;0;0;2026-11-01;2026-11-30
2026-11-23;2026;T4;11;Noviembre;2026-11;2026-T4;23;1;Lunes;48;1;0;2026-11-01;2026-11-30
2026-11-24;2026;T4;11;Noviembre;2026-11;2026-T4;24;2;Martes;48;1;0;2026-11-01;2026-11-30
2026-11-25;2026;T4;11;Noviembre;2026-11;2026-T4;25;3;Miercoles;48;1;0;2026-11-01;2026-11-30
2026-11-26;2026;T4;11;Noviembre;2026-11;2026-T4;26;4;Jueves;48;1;0;2026-11-01;2026-11-30
2026-11-27;2026;T4;11;Noviembre;2026-11;2026-T4;27;5;Viernes;48;1;0;2026-11-01;2026-11-30
2026-11-28;2026;T4;11;Noviembre;2026-11;2026-T4;28;6;Sabado;48;0;0;2026-11-01;2026-11-30
2026-11-29;2026;T4;11;Noviembre;2026-11;2026-T4;29;7;Domingo;48;0;0;2026-11-01;2026-11-30
2026-11-30;2026;T4;11;Noviembre;2026-11;2026-T4;30;1;Lunes;49;1;0;2026-11-01;2026-11-30
2026-12-01;2026;T4;12;Diciembre;2026-12;2026-T4;1;2;Martes;49;1;0;2026-12-01;2026-12-31
2026-12-02;2026;T4;12;Diciembre;2026-12;2026-T4;2;3;Miercoles;49;1;0;2026-12-01;2026-12-31
2026-12-03;2026;T4;12;Diciembre;2026-12;2026-T4;3;4;Jueves;49;1;0;2026-12-01;2026-12-31
2026-12-04;2026;T4;12;Diciembre;2026-12;2026-T4;4;5;Viernes;49;1;0;2026-12-01;2026-12-31
2026-12-05;2026;T4;12;Diciembre;2026-12;2026-T4;5;6;Sabado;49;0;0;2026-12-01;2026-12-31
2026-12-06;2026;T4;12;Diciembre;2026-12;2026-T4;6;7;Domingo;49;0;0;2026-12-01;2026-12-31
2026-12-07;2026;T4;12;Diciembre;2026-12;2026-T4;7;1;Lunes;50;1;0;2026-12-01;2026-12-31
2026-12-08;2026;T4;12;Diciembre;2026-12;2026-T4;8;2;Martes;50;0;1;2026-12-01;2026-12-31
2026-12-09;2026;T4;12;Diciembre;2026-12;2026-T4;9;3;Miercoles;50;1;0;2026-12-01;2026-12-31
2026-12-10;2026;T4;12;Diciembre;2026-12;2026-T4;10;4;Jueves;50;1;0;2026-12-01;2026-12-31
2026-12-11;2026;T4;12;Diciembre;2026-12;2026-T4;11;5;Viernes;50;1;0;2026-12-01;2026-12-31
2026-12-12;2026;T4;12;Diciembre;2026-12;2026-T4;12;6;Sabado;50;0;0;2026-12-01;2026-12-31
2026-12-13;2026;T4;12;Diciembre;2026-12;2026-T4;13;7;Domingo;50;0;0;2026-12-01;2026-12-31
2026-12-14;2026;T4;12;Diciembre;2026-12;2026-T4;14;1;Lunes;51;1;0;2026-12-01;2026-12-31
2026-12-15;2026;T4;12;Diciembre;2026-12;2026-T4;15;2;Martes;51;1;0;2026-12-01;2026-12-31
2026-12-16;2026;T4;12;Diciembre;2026-12;2026-T4;16;3;Miercoles;51;1;0;2026-12-01;2026-12-31
2026-12-17;2026;T4;12;Diciembre;2026-12;2026-T4;17;4;Jueves;51;1;0;2026-12-01;2026-12-31
2026-12-18;2026;T4;12;Diciembre;2026-12;2026-T4;18;5;Viernes;51;1;0;2026-12-01;2026-12-31
2026-12-19;2026;T4;12;Diciembre;2026-12;2026-T4;19;6;Sabado;51;0;0;2026-12-01;2026-12-31
2026-12-20;2026;T4;12;Diciembre;2026-12;2026-T4;20;7;Domingo;51;0;0;2026-12-01;2026-12-31
2026-12-21;2026;T4;12;Diciembre;2026-12;2026-T4;21;1;Lunes;52;1;0;2026-12-01;2026-12-31
2026-12-22;2026;T4;12;Diciembre;2026-12;2026-T4;22;2;Martes;52;1;0;2026-12-01;2026-12-31
2026-12-23;2026;T4;12;Diciembre;2026-12;2026-T4;23;3;Miercoles;52;1;0;2026-12-01;2026-12-31
2026-12-24;2026;T4;12;Diciembre;2026-12;2026-T4;24;4;Jueves;52;1;0;2026-12-01;2026-12-31
2026-12-25;2026;T4;12;Diciembre;2026-12;2026-T4;25;5;Viernes;52;0;1;2026-12-01;2026-12-31
2026-12-26;2026;T4;12;Diciembre;2026-12;2026-T4;26;6;Sabado;52;0;0;2026-12-01;2026-12-31
2026-12-27;2026;T4;12;Diciembre;2026-12;2026-T4;27;7;Domingo;52;0;0;2026-12-01;2026-12-31
2026-12-28;2026;T4;12;Diciembre;2026-12;2026-T4;28;1;Lunes;53;1;0;2026-12-01;2026-12-31
2026-12-29;2026;T4;12;Diciembre;2026-12;2026-T4;29;2;Martes;53;1;0;2026-12-01;2026-12-31
2026-12-30;2026;T4;12;Diciembre;2026-12;2026-T4;30;3;Miercoles;53;1;0;2026-12-01;2026-12-31
2026-12-31;2026;T4;12;Diciembre;2026-12;2026-T4;31;4;Jueves;53;1;0;2026-12-01;2026-12-31
