id_gestion;id_documento;fecha_gestion;tipo_gestion;resultado;ejecutivo_cobranza
GES-000798;DOC-2024-01960;2024-02-26;LLAMADA;SIN_RESPUESTA;Hector Manriquez Salas
GES-000342;DOC-2024-00846;2024-03-05;LLAMADA;SIN_RESPUESTA;Paula Zambrano Leiva
GES-000276;DOC-2024-00573;2024-03-07;EMAIL;SIN_RESPUESTA;Cristian Bravo Aguilera
GES-000659;DOC-2024-01583;2024-03-08;LLAMADA;SIN_RESPUESTA;Paula Zambrano Leiva
GES-000562;DOC-2024-00854;2024-03-13;LLAMADA;PAGO_PARCIAL;Paula Zambrano Leiva
GES-000596;DOC-2024-00509;2024-03-27;LLAMADA;SIN_RESPUESTA;Paula Zambrano Leiva
GES-000928;DOC-2024-01834;2024-03-27;EMAIL;PAGO_PARCIAL;Cristian Bravo Aguilera
GES-000835;DOC-2024-00098;2024-03-31;LLAMADA;SIN_RESPUESTA;Ximena Toro Pacheco
GES-000472;DOC-2024-00947;2024-04-08;EMAIL;SIN_RESPUESTA;Nataly Poblete Ruiz
GES-000851;DOC-2024-01822;2024-04-19;EMAIL;COMPROMISO_PAGO;Hector Manriquez Salas
GES-000685;DOC-2024-01544;2024-04-24;EMAIL;COMPROMISO_PAGO;Paula Zambrano Leiva
GES-000563;DOC-2024-00854;2024-04-29;CARTA_CERTIFICADA;INCOBRABLE_DECLARADO;Paula Zambrano Leiva
GES-000799;DOC-2024-01960;2024-05-01;EMAIL;SIN_RESPUESTA;Hector Manriquez Salas
GES-000613;DOC-2024-01609;2024-05-02;EMAIL;SIN_RESPUESTA;Ximena Toro Pacheco
GES-001008;DOC-2024-00535;2024-05-03;EMAIL;SIN_RESPUESTA;Ximena Toro Pacheco
GES-000277;DOC-2024-00573;2024-05-11;CARTA_CERTIFICADA;COMPROMISO_PAGO;Cristian Bravo Aguilera
GES-000588;DOC-2024-01400;2024-05-12;LLAMADA;SIN_RESPUESTA;Hector Manriquez Salas
GES-000149;DOC-2024-00481;2024-05-13;EMAIL;INCOBRABLE_DECLARADO;Hector Manriquez Salas
GES-000686;DOC-2024-01544;2024-05-15;CARTA_CERTIFICADA;SIN_RESPUESTA;Paula Zambrano Leiva
GES-000698;DOC-2024-01434;2024-05-17;LLAMADA;SIN_RESPUESTA;Nataly Poblete Ruiz
GES-000660;DOC-2024-01583;2024-05-19;EMAIL;SIN_RESPUESTA;Paula Zambrano Leiva
GES-000925;DOC-2024-00681;2024-05-23;EMAIL;PAGO_PARCIAL;Nataly Poblete Ruiz
GES-001009;DOC-2024-00535;2024-05-24;CARTA_CERTIFICADA;SIN_RESPUESTA;Ximena Toro Pacheco
GES-000190;DOC-2024-00857;2024-05-25;LLAMADA;SIN_RESPUESTA;Ximena Toro Pacheco
GES-000981;DOC-2024-01408;2024-05-26;EMAIL;COMPROMISO_PAGO;Hector Manriquez Salas
GES-000577;DOC-2024-00793;2024-05-27;EMAIL;SIN_RESPUESTA;Ximena Toro Pacheco
GES-000526;DOC-2024-01437;2024-05-28;EMAIL;SIN_RESPUESTA;Paula Zambrano Leiva
GES-000852;DOC-2024-01822;2024-06-02;LLAMADA;COMPROMISO_PAGO;Hector Manriquez Salas
GES-000929;DOC-2024-01834;2024-06-05;CARTA_CERTIFICADA;COMPROMISO_PAGO;Cristian Bravo Aguilera
GES-000626;DOC-2024-00225;2024-06-06;EMAIL;SIN_RESPUESTA;Hector Manriquez Salas
GES-000545;DOC-2024-00126;2024-06-07;LLAMADA;SIN_RESPUESTA;Hector Manriquez Salas
GES-000343;DOC-2024-00846;2024-06-13;CARTA_CERTIFICADA;SIN_RESPUESTA;Paula Zambrano Leiva
GES-000652;DOC-2024-01431;2024-06-16;EMAIL;INCOBRABLE_DECLARADO;Cristian Bravo Aguilera
GES-000960;DOC-2024-00401;2024-06-23;EMAIL;SIN_RESPUESTA;Ximena Toro Pacheco
GES-000208;DOC-2024-00172;2024-06-26;EMAIL;SIN_RESPUESTA;Ximena Toro Pacheco
GES-000597;DOC-2024-00509;2024-06-26;CARTA_CERTIFICADA;INCOBRABLE_DECLARADO;Paula Zambrano Leiva
GES-000487;DOC-2024-01170;2024-06-29;EMAIL;SIN_RESPUESTA;Cristian Bravo Aguilera
GES-000627;DOC-2024-00225;2024-06-30;LLAMADA;SIN_RESPUESTA;Hector Manriquez Salas
GES-000164;DOC-2024-01642;2024-07-01;EMAIL;COMPROMISO_PAGO;Paula Zambrano Leiva
GES-000473;DOC-2024-00947;2024-07-01;EMAIL;SIN_RESPUESTA;Nataly Poblete Ruiz
GES-000699;DOC-2024-01434;2024-07-04;EMAIL;COMPROMISO_PAGO;Nataly Poblete Ruiz
GES-000589;DOC-2024-01400;2024-07-05;CARTA_CERTIFICADA;SIN_RESPUESTA;Hector Manriquez Salas
GES-000836;DOC-2024-00098;2024-07-05;CARTA_CERTIFICADA;PAGO_PARCIAL;Ximena Toro Pacheco
GES-000285;DOC-2024-00211;2024-07-06;EMAIL;PAGO_PARCIAL;Ximena Toro Pacheco
GES-000653;DOC-2024-01431;2024-07-07;CARTA_CERTIFICADA;PAGO_PARCIAL;Cristian Bravo Aguilera
GES-000344;DOC-2024-00846;2024-07-08;DEMANDA_JUDICIAL;SIN_RESPUESTA;Paula Zambrano Leiva
GES-000839;DOC-2024-00157;2024-07-09;LLAMADA;SIN_RESPUESTA;Ximena Toro Pacheco
GES-000150;DOC-2024-00481;2024-07-11;CARTA_CERTIFICADA;COMPROMISO_PAGO;Hector Manriquez Salas
GES-000877;DOC-2024-01041;2024-07-13;LLAMADA;PAGO_PARCIAL;Paula Zambrano Leiva
GES-000564;DOC-2024-00854;2024-07-15;PREJUDICIAL;INCOBRABLE_DECLARADO;Paula Zambrano Leiva
GES-000630;DOC-2024-00013;2024-07-15;LLAMADA;SIN_RESPUESTA;Cristian Bravo Aguilera
GES-000278;DOC-2024-00573;2024-07-17;EMAIL;SIN_RESPUESTA;Cristian Bravo Aguilera
GES-000512;DOC-2024-00063;2024-07-17;LLAMADA;DISPUTA;Cristian Bravo Aguilera
GES-000578;DOC-2024-00793;2024-07-17;CARTA_CERTIFICADA;SIN_RESPUESTA;Ximena Toro Pacheco
GES-000670;DOC-2024-01690;2024-07-18;LLAMADA;SIN_RESPUESTA;Hector Manriquez Salas
GES-000598;DOC-2024-00509;2024-07-20;PREJUDICIAL;SIN_RESPUESTA;Paula Zambrano Leiva
GES-000982;DOC-2024-01408;2024-07-22;LLAMADA;PAGO_PARCIAL;Hector Manriquez Salas
GES-000800;DOC-2024-01960;2024-07-23;EMAIL;SIN_RESPUESTA;Hector Manriquez Salas
GES-000661;DOC-2024-01583;2024-07-26;CARTA_CERTIFICADA;SIN_RESPUESTA;Paula Zambrano Leiva
GES-000700;DOC-2024-01434;2024-07-26;PREJUDICIAL;SIN_RESPUESTA;Nataly Poblete Ruiz
GES-000784;DOC-2024-01821;2024-07-28;EMAIL;SIN_RESPUESTA;Paula Zambrano Leiva
GES-000910;DOC-2024-00107;2024-07-29;LLAMADA;COMPROMISO_PAGO;Hector Manriquez Salas
GES-000687;DOC-2024-01544;2024-07-30;LLAMADA;SIN_RESPUESTA;Paula Zambrano Leiva
GES-000926;DOC-2024-00681;2024-07-30;CARTA_CERTIFICADA;SIN_RESPUESTA;Nataly Poblete Ruiz
GES-000209;DOC-2024-00172;2024-07-31;EMAIL;COMPROMISO_PAGO;Ximena Toro Pacheco
GES-000614;DOC-2024-01609;2024-08-08;CARTA_CERTIFICADA;SIN_RESPUESTA;Ximena Toro Pacheco
GES-000191;DOC-2024-00857;2024-08-11;CARTA_CERTIFICADA;SIN_RESPUESTA;Ximena Toro Pacheco
GES-000404;DOC-2024-00602;2024-08-11;EMAIL;DISPUTA;Hector Manriquez Salas
GES-000361;DOC-2024-01260;2024-08-15;LLAMADA;SIN_RESPUESTA;Cristian Bravo Aguilera
GES-001010;DOC-2024-00535;2024-08-16;PREJUDICIAL;INCOBRABLE_DECLARADO;Ximena Toro Pacheco
GES-000536;DOC-2024-00910;2024-08-18;LLAMADA;PAGO_PARCIAL;Hector Manriquez Salas
GES-000291;DOC-2024-01106;2024-08-20;LLAMADA;SIN_RESPUESTA;Ximena Toro Pacheco
GES-000565;DOC-2024-00854;2024-08-20;DEMANDA_JUDICIAL;SIN_RESPUESTA;Paula Zambrano Leiva
GES-000654;DOC-2024-01431;2024-08-24;PREJUDICIAL;SIN_RESPUESTA;Cristian Bravo Aguilera
GES-000801;DOC-2024-01960;2024-08-25;VISITA;PAGO_PARCIAL;Hector Manriquez Salas
GES-000131;DOC-2024-01978;2024-08-26;EMAIL;INCOBRABLE_DECLARADO;Paula Zambrano Leiva
GES-000840;DOC-2024-00157;2024-08-26;CARTA_CERTIFICADA;INCOBRABLE_DECLARADO;Ximena Toro Pacheco
GES-000986;DOC-2024-01677;2024-08-26;EMAIL;PAGO_PARCIAL;Nataly Poblete Ruiz
GES-000210;DOC-2024-00172;2024-08-30;PREJUDICIAL;SIN_RESPUESTA;Ximena Toro Pacheco
GES-000527;DOC-2024-01437;2024-08-31;CARTA_CERTIFICADA;SIN_RESPUESTA;Paula Zambrano Leiva
GES-000930;DOC-2024-01834;2024-09-01;CARTA_CERTIFICADA;COMPROMISO_PAGO;Cristian Bravo Aguilera
GES-000488;DOC-2024-01170;2024-09-02;CARTA_CERTIFICADA;COMPROMISO_PAGO;Cristian Bravo Aguilera
GES-000517;DOC-2024-00711;2024-09-03;LLAMADA;SIN_RESPUESTA;Cristian Bravo Aguilera
GES-000151;DOC-2024-00481;2024-09-04;CARTA_CERTIFICADA;SIN_RESPUESTA;Hector Manriquez Salas
GES-000781;DOC-2024-00761;2024-09-05;LLAMADA;SIN_RESPUESTA;Hector Manriquez Salas
GES-000272;DOC-2024-00351;2024-09-06;LLAMADA;SIN_RESPUESTA;Cristian Bravo Aguilera
GES-000279;DOC-2024-00573;2024-09-06;CARTA_CERTIFICADA;SIN_RESPUESTA;Cristian Bravo Aguilera
GES-000165;DOC-2024-01642;2024-09-07;EMAIL;PAGO_PARCIAL;Paula Zambrano Leiva
GES-000819;DOC-2024-01548;2024-09-09;EMAIL;SIN_RESPUESTA;Cristian Bravo Aguilera
GES-000537;DOC-2024-00910;2024-09-11;LLAMADA;SIN_RESPUESTA;Hector Manriquez Salas
GES-000634;DOC-2024-01312;2024-09-11;EMAIL;COMPROMISO_PAGO;Cristian Bravo Aguilera
GES-000983;DOC-2024-01408;2024-09-11;VISITA;PAGO_PARCIAL;Hector Manriquez Salas
GES-000961;DOC-2024-00401;2024-09-12;CARTA_CERTIFICADA;INCOBRABLE_DECLARADO;Ximena Toro Pacheco
GES-000292;DOC-2024-01106;2024-09-14;EMAIL;PAGO_PARCIAL;Ximena Toro Pacheco
GES-000615;DOC-2024-01609;2024-09-15;PREJUDICIAL;SIN_RESPUESTA;Ximena Toro Pacheco
GES-001013;DOC-2024-01392;2024-09-15;LLAMADA;SIN_RESPUESTA;Nataly Poblete Ruiz
GES-000628;DOC-2024-00225;2024-09-18;CARTA_CERTIFICADA;SIN_RESPUESTA;Hector Manriquez Salas
GES-000853;DOC-2024-01822;2024-09-18;PREJUDICIAL;PAGO_PARCIAL;Hector Manriquez Salas
GES-000528;DOC-2024-01437;2024-09-22;LLAMADA;SIN_RESPUESTA;Paula Zambrano Leiva
GES-000546;DOC-2024-00126;2024-09-23;LLAMADA;COMPROMISO_PAGO;Hector Manriquez Salas
GES-000995;DOC-2024-00062;2024-09-23;EMAIL;SIN_RESPUESTA;Cristian Bravo Aguilera
GES-000655;DOC-2024-01431;2024-09-24;DEMANDA_JUDICIAL;DISPUTA;Cristian Bravo Aguilera
GES-000837;DOC-2024-00098;2024-09-25;CARTA_CERTIFICADA;SIN_RESPUESTA;Ximena Toro Pacheco
GES-000192;DOC-2024-00857;2024-09-27;DEMANDA_JUDICIAL;SIN_RESPUESTA;Ximena Toro Pacheco
GES-000782;DOC-2024-00761;2024-09-29;EMAIL;SIN_RESPUESTA;Hector Manriquez Salas
GES-000878;DOC-2024-01041;2024-10-01;CARTA_CERTIFICADA;SIN_RESPUESTA;Paula Zambrano Leiva
GES-000495;DOC-2024-01097;2024-10-03;EMAIL;SIN_RESPUESTA;Nataly Poblete Ruiz
GES-000599;DOC-2024-00509;2024-10-04;PREJUDICIAL;SIN_RESPUESTA;Paula Zambrano Leiva
GES-000211;DOC-2024-00172;2024-10-05;CARTA_CERTIFICADA;SIN_RESPUESTA;Ximena Toro Pacheco
GES-000927;DOC-2024-00681;2024-10-06;PREJUDICIAL;SIN_RESPUESTA;Nataly Poblete Ruiz
GES-000293;DOC-2024-01106;2024-10-07;VISITA;PAGO_PARCIAL;Ximena Toro Pacheco
GES-000579;DOC-2024-00793;2024-10-08;LLAMADA;SIN_RESPUESTA;Ximena Toro Pacheco
GES-000767;DOC-2024-01127;2024-10-08;LLAMADA;DISPUTA;Ximena Toro Pacheco
GES-000489;DOC-2024-01170;2024-10-09;CARTA_CERTIFICADA;DISPUTA;Cristian Bravo Aguilera
GES-000671;DOC-2024-01690;2024-10-11;LLAMADA;INCOBRABLE_DECLARADO;Hector Manriquez Salas
GES-000286;DOC-2024-00211;2024-10-12;EMAIL;SIN_RESPUESTA;Ximena Toro Pacheco
GES-000529;DOC-2024-01437;2024-10-18;PREJUDICIAL;INCOBRABLE_DECLARADO;Paula Zambrano Leiva
GES-000701;DOC-2024-01434;2024-10-18;VISITA;INCOBRABLE_DECLARADO;Nataly Poblete Ruiz
GES-000152;DOC-2024-00481;2024-10-19;PREJUDICIAL;SIN_RESPUESTA;Hector Manriquez Salas
GES-000362;DOC-2024-01260;2024-10-19;CARTA_CERTIFICADA;DISPUTA;Cristian Bravo Aguilera
GES-000513;DOC-2024-00063;2024-10-20;EMAIL;DISPUTA;Cristian Bravo Aguilera
GES-001014;DOC-2024-01392;2024-10-21;LLAMADA;SIN_RESPUESTA;Nataly Poblete Ruiz
GES-000601;DOC-2024-00115;2024-10-23;LLAMADA;SIN_RESPUESTA;Cristian Bravo Aguilera
GES-000962;DOC-2024-00401;2024-10-23;LLAMADA;COMPROMISO_PAGO;Ximena Toro Pacheco
GES-001011;DOC-2024-00535;2024-10-23;DEMANDA_JUDICIAL;PAGO_PARCIAL;Ximena Toro Pacheco
GES-000737;DOC-2024-01818;2024-10-24;LLAMADA;COMPROMISO_PAGO;Hector Manriquez Salas
GES-000879;DOC-2024-01041;2024-10-24;VISITA;SIN_RESPUESTA;Paula Zambrano Leiva
GES-000911;DOC-2024-00107;2024-10-24;LLAMADA;INCOBRABLE_DECLARADO;Hector Manriquez Salas
GES-000820;DOC-2024-01548;2024-10-26;CARTA_CERTIFICADA;DISPUTA;Cristian Bravo Aguilera
GES-000616;DOC-2024-01609;2024-10-28;VISITA;SIN_RESPUESTA;Ximena Toro Pacheco
GES-000987;DOC-2024-01677;2024-10-28;EMAIL;DISPUTA;Nataly Poblete Ruiz
GES-000631;DOC-2024-00013;2024-10-31;CARTA_CERTIFICADA;SIN_RESPUESTA;Cristian Bravo Aguilera
GES-000538;DOC-2024-00910;2024-11-01;LLAMADA;DISPUTA;Hector Manriquez Salas
GES-000785;DOC-2024-01821;2024-11-05;CARTA_CERTIFICADA;SIN_RESPUESTA;Paula Zambrano Leiva
GES-001020;DOC-2024-00873;2024-11-05;EMAIL;SIN_RESPUESTA;Ximena Toro Pacheco
GES-000289;DOC-2024-00707;2024-11-06;LLAMADA;SIN_RESPUESTA;Paula Zambrano Leiva
GES-000956;DOC-2024-01430;2024-11-08;EMAIL;DISPUTA;Paula Zambrano Leiva
GES-000841;DOC-2024-00157;2024-11-09;LLAMADA;SIN_RESPUESTA;Ximena Toro Pacheco
GES-000997;DOC-2024-01596;2024-11-11;EMAIL;COMPROMISO_PAGO;Ximena Toro Pacheco
GES-000410;DOC-2024-01291;2024-11-13;EMAIL;SIN_RESPUESTA;Paula Zambrano Leiva
GES-000635;DOC-2024-01312;2024-11-13;LLAMADA;COMPROMISO_PAGO;Cristian Bravo Aguilera
GES-000244;DOC-2024-00292;2024-11-15;EMAIL;COMPROMISO_PAGO;Ximena Toro Pacheco
GES-000821;DOC-2024-01548;2024-11-15;DEMANDA_JUDICIAL;INCOBRABLE_DECLARADO;Cristian Bravo Aguilera
GES-000802;DOC-2024-01960;2024-11-17;VISITA;INCOBRABLE_DECLARADO;Hector Manriquez Salas
GES-000831;DOC-2024-01628;2024-11-18;LLAMADA;SIN_RESPUESTA;Ximena Toro Pacheco
GES-000460;DOC-2024-00751;2024-11-19;EMAIL;SIN_RESPUESTA;Paula Zambrano Leiva
GES-000629;DOC-2024-00225;2024-11-19;LLAMADA;SIN_RESPUESTA;Hector Manriquez Salas
GES-000273;DOC-2024-00351;2024-11-21;CARTA_CERTIFICADA;PAGO_PARCIAL;Cristian Bravo Aguilera
GES-000405;DOC-2024-00602;2024-11-21;CARTA_CERTIFICADA;INCOBRABLE_DECLARADO;Hector Manriquez Salas
GES-000474;DOC-2024-00584;2024-11-21;EMAIL;INCOBRABLE_DECLARADO;Cristian Bravo Aguilera
GES-000904;DOC-2024-00314;2024-11-21;EMAIL;COMPROMISO_PAGO;Ximena Toro Pacheco
GES-000973;DOC-2024-01196;2024-11-21;EMAIL;COMPROMISO_PAGO;Cristian Bravo Aguilera
GES-000496;DOC-2024-01097;2024-11-22;CARTA_CERTIFICADA;COMPROMISO_PAGO;Nataly Poblete Ruiz
GES-000934;DOC-2024-01130;2024-11-22;EMAIL;SIN_RESPUESTA;Cristian Bravo Aguilera
GES-000305;DOC-2024-00385;2024-11-23;LLAMADA;DISPUTA;Cristian Bravo Aguilera
GES-000569;DOC-2024-01449;2024-11-27;LLAMADA;SIN_RESPUESTA;Ximena Toro Pacheco
GES-000838;DOC-2024-00098;2024-11-28;EMAIL;PAGO_PARCIAL;Ximena Toro Pacheco
GES-000166;DOC-2024-01642;2024-11-29;PREJUDICIAL;SIN_RESPUESTA;Paula Zambrano Leiva
GES-000768;DOC-2024-01127;2024-11-29;CARTA_CERTIFICADA;SIN_RESPUESTA;Ximena Toro Pacheco
GES-001015;DOC-2024-01392;2024-11-29;VISITA;COMPROMISO_PAGO;Nataly Poblete Ruiz
GES-000490;DOC-2024-00842;2024-12-02;EMAIL;SIN_RESPUESTA;Cristian Bravo Aguilera
GES-000600;DOC-2024-00509;2024-12-02;DEMANDA_JUDICIAL;SIN_RESPUESTA;Paula Zambrano Leiva
GES-000518;DOC-2024-00711;2024-12-03;CARTA_CERTIFICADA;SIN_RESPUESTA;Cristian Bravo Aguilera
GES-000580;DOC-2024-00793;2024-12-03;CARTA_CERTIFICADA;SIN_RESPUESTA;Ximena Toro Pacheco
GES-000672;DOC-2024-01690;2024-12-06;EMAIL;COMPROMISO_PAGO;Hector Manriquez Salas
GES-000245;DOC-2024-00292;2024-12-07;LLAMADA;SIN_RESPUESTA;Ximena Toro Pacheco
GES-000738;DOC-2024-01818;2024-12-09;EMAIL;PAGO_PARCIAL;Hector Manriquez Salas
GES-000783;DOC-2024-00761;2024-12-09;VISITA;DISPUTA;Hector Manriquez Salas
GES-000996;DOC-2024-00062;2024-12-09;CARTA_CERTIFICADA;INCOBRABLE_DECLARADO;Cristian Bravo Aguilera
GES-000547;DOC-2024-00455;2024-12-12;EMAIL;SIN_RESPUESTA;Cristian Bravo Aguilera
GES-000132;DOC-2024-01978;2024-12-13;CARTA_CERTIFICADA;SIN_RESPUESTA;Paula Zambrano Leiva
GES-000411;DOC-2024-01291;2024-12-13;CARTA_CERTIFICADA;DISPUTA;Paula Zambrano Leiva
GES-000143;DOC-2024-00688;2024-12-15;EMAIL;COMPROMISO_PAGO;Ximena Toro Pacheco
GES-000153;DOC-2024-00481;2024-12-15;DEMANDA_JUDICIAL;SIN_RESPUESTA;Hector Manriquez Salas
GES-000170;DOC-2024-01120;2024-12-16;EMAIL;SIN_RESPUESTA;Cristian Bravo Aguilera
GES-000287;DOC-2024-00211;2024-12-16;VISITA;COMPROMISO_PAGO;Ximena Toro Pacheco
GES-000497;DOC-2024-01097;2024-12-17;PREJUDICIAL;SIN_RESPUESTA;Nataly Poblete Ruiz
GES-000369;DOC-2024-01114;2024-12-18;LLAMADA;DISPUTA;Nataly Poblete Ruiz
GES-000475;DOC-2024-00584;2024-12-18;CARTA_CERTIFICADA;DISPUTA;Cristian Bravo Aguilera
GES-000363;DOC-2024-01260;2024-12-19;DEMANDA_JUDICIAL;DISPUTA;Cristian Bravo Aguilera
GES-000274;DOC-2024-00351;2024-12-22;CARTA_CERTIFICADA;DISPUTA;Cristian Bravo Aguilera
GES-000280;DOC-2024-00573;2024-12-22;PREJUDICIAL;SIN_RESPUESTA;Cristian Bravo Aguilera
GES-000832;DOC-2024-01628;2024-12-24;EMAIL;SIN_RESPUESTA;Ximena Toro Pacheco
GES-000602;DOC-2024-00115;2024-12-25;CARTA_CERTIFICADA;PAGO_PARCIAL;Cristian Bravo Aguilera
GES-000988;DOC-2024-01677;2024-12-25;PREJUDICIAL;COMPROMISO_PAGO;Nataly Poblete Ruiz
GES-000636;DOC-2024-01312;2024-12-26;PREJUDICIAL;COMPROMISO_PAGO;Cristian Bravo Aguilera
GES-000880;DOC-2024-01041;2024-12-26;PREJUDICIAL;SIN_RESPUESTA;Paula Zambrano Leiva
GES-000984;DOC-2024-01408;2024-12-26;PREJUDICIAL;DISPUTA;Hector Manriquez Salas
GES-001016;DOC-2024-00516;2024-12-26;LLAMADA;SIN_RESPUESTA;Ximena Toro Pacheco
GES-000648;DOC-2024-01532;2024-12-28;LLAMADA;DISPUTA;Paula Zambrano Leiva
GES-000375;DOC-2024-00935;2024-12-29;EMAIL;SIN_RESPUESTA;Ximena Toro Pacheco
GES-000842;DOC-2024-00157;2024-12-30;LLAMADA;PAGO_PARCIAL;Ximena Toro Pacheco
GES-000912;DOC-2024-00107;2024-12-31;CARTA_CERTIFICADA;INCOBRABLE_DECLARADO;Hector Manriquez Salas
GES-000417;DOC-2024-00929;2025-01-02;EMAIL;DISPUTA;Paula Zambrano Leiva
GES-000854;DOC-2024-01822;2025-01-02;LLAMADA;SIN_RESPUESTA;Hector Manriquez Salas
GES-000968;DOC-2024-00459;2025-01-02;EMAIL;COMPROMISO_PAGO;Nataly Poblete Ruiz
GES-000998;DOC-2024-01596;2025-01-02;CARTA_CERTIFICADA;DISPUTA;Ximena Toro Pacheco
GES-000338;DOC-2024-00064;2025-01-05;EMAIL;DISPUTA;Hector Manriquez Salas
GES-000349;DOC-2024-01743;2025-01-06;EMAIL;COMPROMISO_PAGO;Cristian Bravo Aguilera
GES-000306;DOC-2024-00385;2025-01-07;CARTA_CERTIFICADA;SIN_RESPUESTA;Cristian Bravo Aguilera
GES-000935;DOC-2024-01130;2025-01-09;CARTA_CERTIFICADA;SIN_RESPUESTA;Cristian Bravo Aguilera
GES-000498;DOC-2024-01097;2025-01-10;DEMANDA_JUDICIAL;INCOBRABLE_DECLARADO;Nataly Poblete Ruiz
GES-000258;DOC-2025-03042;2025-01-11;EMAIL;SIN_RESPUESTA;Hector Manriquez Salas
GES-000665;DOC-2024-01684;2025-01-11;LLAMADA;COMPROMISO_PAGO;Nataly Poblete Ruiz
GES-000749;DOC-2024-00156;2025-01-11;EMAIL;INCOBRABLE_DECLARADO;Nataly Poblete Ruiz
GES-000963;DOC-2024-00401;2025-01-11;EMAIL;INCOBRABLE_DECLARADO;Ximena Toro Pacheco
GES-000455;DOC-2024-01483;2025-01-12;LLAMADA;SIN_RESPUESTA;Hector Manriquez Salas
GES-000246;DOC-2024-00292;2025-01-13;PREJUDICIAL;COMPROMISO_PAGO;Ximena Toro Pacheco
GES-000212;DOC-2024-00172;2025-01-17;LLAMADA;PAGO_PARCIAL;Ximena Toro Pacheco
GES-000803;DOC-2024-01390;2025-01-17;LLAMADA;COMPROMISO_PAGO;Hector Manriquez Salas
GES-000290;DOC-2024-00707;2025-01-18;CARTA_CERTIFICADA;SIN_RESPUESTA;Paula Zambrano Leiva
GES-000449;DOC-2024-00239;2025-01-18;LLAMADA;SIN_RESPUESTA;Ximena Toro Pacheco
GES-000617;DOC-2024-01609;2025-01-18;LLAMADA;DISPUTA;Ximena Toro Pacheco
GES-000905;DOC-2024-00314;2025-01-19;EMAIL;COMPROMISO_PAGO;Ximena Toro Pacheco
GES-000974;DOC-2024-01196;2025-01-20;EMAIL;DISPUTA;Cristian Bravo Aguilera
GES-000283;DOC-2025-03214;2025-01-22;LLAMADA;SIN_RESPUESTA;Paula Zambrano Leiva
GES-000415;DOC-2024-00457;2025-01-22;LLAMADA;COMPROMISO_PAGO;Nataly Poblete Ruiz
GES-000985;DOC-2024-01408;2025-01-23;PREJUDICIAL;SIN_RESPUESTA;Hector Manriquez Salas
GES-000370;DOC-2024-01114;2025-01-24;CARTA_CERTIFICADA;INCOBRABLE_DECLARADO;Nataly Poblete Ruiz
GES-001017;DOC-2024-00516;2025-01-26;CARTA_CERTIFICADA;INCOBRABLE_DECLARADO;Ximena Toro Pacheco
GES-000396;DOC-2024-01474;2025-01-28;LLAMADA;COMPROMISO_PAGO;Paula Zambrano Leiva
GES-000491;DOC-2024-00842;2025-01-28;CARTA_CERTIFICADA;INCOBRABLE_DECLARADO;Cristian Bravo Aguilera
GES-000734;DOC-2024-00203;2025-01-30;LLAMADA;COMPROMISO_PAGO;Cristian Bravo Aguilera
GES-000590;DOC-2024-00255;2025-01-31;EMAIL;PAGO_PARCIAL;Ximena Toro Pacheco
GES-000530;DOC-2024-01437;2025-02-01;DEMANDA_JUDICIAL;DISPUTA;Paula Zambrano Leiva
GES-000376;DOC-2024-00935;2025-02-02;LLAMADA;SIN_RESPUESTA;Ximena Toro Pacheco
GES-000774;DOC-2025-03778;2025-02-02;EMAIL;PAGO_PARCIAL;Paula Zambrano Leiva
GES-000322;DOC-2024-00448;2025-02-03;LLAMADA;SIN_RESPUESTA;Ximena Toro Pacheco
GES-000720;DOC-2025-03240;2025-02-04;LLAMADA;INCOBRABLE_DECLARADO;Paula Zambrano Leiva
GES-000270;DOC-2024-00072;2025-02-05;EMAIL;SIN_RESPUESTA;Cristian Bravo Aguilera
GES-000514;DOC-2024-00063;2025-02-06;CARTA_CERTIFICADA;SIN_RESPUESTA;Cristian Bravo Aguilera
GES-000833;DOC-2024-01628;2025-02-06;LLAMADA;SIN_RESPUESTA;Ximena Toro Pacheco
GES-000618;DOC-2024-01609;2025-02-07;LLAMADA;COMPROMISO_PAGO;Ximena Toro Pacheco
GES-000619;DOC-2024-00618;2025-02-07;EMAIL;SIN_RESPUESTA;Hector Manriquez Salas
GES-000632;DOC-2024-00013;2025-02-09;CARTA_CERTIFICADA;SIN_RESPUESTA;Cristian Bravo Aguilera
GES-000581;DOC-2024-00793;2025-02-10;EMAIL;SIN_RESPUESTA;Ximena Toro Pacheco
GES-000582;DOC-2024-01259;2025-02-10;LLAMADA;SIN_RESPUESTA;Paula Zambrano Leiva
GES-000918;DOC-2024-01912;2025-02-10;LLAMADA;SIN_RESPUESTA;Ximena Toro Pacheco
GES-000339;DOC-2024-00064;2025-02-11;LLAMADA;SIN_RESPUESTA;Hector Manriquez Salas
GES-000913;DOC-2024-00107;2025-02-11;CARTA_CERTIFICADA;SIN_RESPUESTA;Hector Manriquez Salas
GES-001005;DOC-2024-01520;2025-02-11;LLAMADA;INCOBRABLE_DECLARADO;Hector Manriquez Salas
GES-000133;DOC-2024-01978;2025-02-12;PREJUDICIAL;SIN_RESPUESTA;Paula Zambrano Leiva
GES-000786;DOC-2024-01821;2025-02-13;DEMANDA_JUDICIAL;COMPROMISO_PAGO;Paula Zambrano Leiva
GES-000167;DOC-2024-01642;2025-02-14;LLAMADA;SIN_RESPUESTA;Paula Zambrano Leiva
GES-000957;DOC-2024-01430;2025-02-15;LLAMADA;SIN_RESPUESTA;Paula Zambrano Leiva
GES-000364;DOC-2025-03571;2025-02-16;LLAMADA;SIN_RESPUESTA;Paula Zambrano Leiva
GES-000458;DOC-2024-00108;2025-02-17;EMAIL;COMPROMISO_PAGO;Cristian Bravo Aguilera
GES-000539;DOC-2024-00910;2025-02-17;PREJUDICIAL;PAGO_PARCIAL;Hector Manriquez Salas
GES-000623;DOC-2025-03286;2025-02-17;LLAMADA;SIN_RESPUESTA;Nataly Poblete Ruiz
GES-000649;DOC-2024-01532;2025-02-17;CARTA_CERTIFICADA;COMPROMISO_PAGO;Paula Zambrano Leiva
GES-000673;DOC-2024-01690;2025-02-17;EMAIL;PAGO_PARCIAL;Hector Manriquez Salas
GES-000793;DOC-2025-02978;2025-02-17;EMAIL;INCOBRABLE_DECLARADO;Hector Manriquez Salas
GES-000603;DOC-2024-00115;2025-02-18;PREJUDICIAL;PAGO_PARCIAL;Cristian Bravo Aguilera
GES-000969;DOC-2024-00459;2025-02-19;CARTA_CERTIFICADA;SIN_RESPUESTA;Nataly Poblete Ruiz
GES-000739;DOC-2024-01818;2025-02-21;CARTA_CERTIFICADA;INCOBRABLE_DECLARADO;Hector Manriquez Salas
GES-001021;DOC-2024-00873;2025-02-21;CARTA_CERTIFICADA;PAGO_PARCIAL;Ximena Toro Pacheco
GES-000625;DOC-2024-01675;2025-02-22;LLAMADA;PAGO_PARCIAL;Paula Zambrano Leiva
GES-000406;DOC-2024-00602;2025-02-23;EMAIL;DISPUTA;Hector Manriquez Salas
GES-000412;DOC-2024-01291;2025-02-23;EMAIL;SIN_RESPUESTA;Paula Zambrano Leiva
GES-000452;DOC-2025-03132;2025-02-23;EMAIL;SIN_RESPUESTA;Paula Zambrano Leiva
GES-000975;DOC-2024-01196;2025-02-23;LLAMADA;PAGO_PARCIAL;Cristian Bravo Aguilera
GES-000548;DOC-2024-00455;2025-02-24;CARTA_CERTIFICADA;DISPUTA;Cristian Bravo Aguilera
GES-000818;DOC-2025-03261;2025-02-25;EMAIL;SIN_RESPUESTA;Paula Zambrano Leiva
GES-000873;DOC-2024-01943;2025-02-25;LLAMADA;DISPUTA;Paula Zambrano Leiva
GES-000247;DOC-2024-00292;2025-02-26;PREJUDICIAL;SIN_RESPUESTA;Ximena Toro Pacheco
GES-000297;DOC-2024-01375;2025-02-27;EMAIL;PAGO_PARCIAL;Nataly Poblete Ruiz
GES-000570;DOC-2024-01449;2025-02-27;CARTA_CERTIFICADA;INCOBRABLE_DECLARADO;Ximena Toro Pacheco
GES-000719;DOC-2024-00109;2025-02-27;LLAMADA;COMPROMISO_PAGO;Ximena Toro Pacheco
GES-000804;DOC-2024-01390;2025-02-27;CARTA_CERTIFICADA;DISPUTA;Hector Manriquez Salas
GES-000989;DOC-2024-01677;2025-02-27;VISITA;SIN_RESPUESTA;Nataly Poblete Ruiz
GES-000461;DOC-2024-00751;2025-03-02;CARTA_CERTIFICADA;PAGO_PARCIAL;Paula Zambrano Leiva
GES-000377;DOC-2024-00935;2025-03-03;EMAIL;INCOBRABLE_DECLARADO;Ximena Toro Pacheco
GES-000288;DOC-2024-00211;2025-03-05;EMAIL;SIN_RESPUESTA;Ximena Toro Pacheco
GES-000519;DOC-2024-00711;2025-03-05;LLAMADA;PAGO_PARCIAL;Cristian Bravo Aguilera
GES-000978;DOC-2024-00190;2025-03-05;EMAIL;PAGO_PARCIAL;Cristian Bravo Aguilera
GES-000881;DOC-2024-01041;2025-03-06;DEMANDA_JUDICIAL;SIN_RESPUESTA;Paula Zambrano Leiva
GES-000171;DOC-2024-01120;2025-03-07;CARTA_CERTIFICADA;PAGO_PARCIAL;Cristian Bravo Aguilera
GES-000228;DOC-2025-02878;2025-03-07;LLAMADA;COMPROMISO_PAGO;Ximena Toro Pacheco
GES-000694;DOC-2024-00616;2025-03-08;LLAMADA;SIN_RESPUESTA;Ximena Toro Pacheco
GES-000476;DOC-2024-00584;2025-03-10;VISITA;SIN_RESPUESTA;Cristian Bravo Aguilera
GES-000633;DOC-2024-00013;2025-03-10;LLAMADA;SIN_RESPUESTA;Cristian Bravo Aguilera
GES-001006;DOC-2024-01520;2025-03-11;CARTA_CERTIFICADA;INCOBRABLE_DECLARADO;Hector Manriquez Salas
GES-000340;DOC-2024-00064;2025-03-13;LLAMADA;PAGO_PARCIAL;Hector Manriquez Salas
GES-000666;DOC-2024-01684;2025-03-14;EMAIL;SIN_RESPUESTA;Nataly Poblete Ruiz
GES-000413;DOC-2024-01291;2025-03-17;LLAMADA;SIN_RESPUESTA;Paula Zambrano Leiva
GES-000456;DOC-2024-01483;2025-03-17;CARTA_CERTIFICADA;INCOBRABLE_DECLARADO;Hector Manriquez Salas
GES-000248;DOC-2024-00292;2025-03-18;PREJUDICIAL;COMPROMISO_PAGO;Ximena Toro Pacheco
GES-000769;DOC-2024-01127;2025-03-18;LLAMADA;PAGO_PARCIAL;Ximena Toro Pacheco
GES-000337;DOC-2025-02578;2025-03-19;LLAMADA;SIN_RESPUESTA;Paula Zambrano Leiva
GES-000882;DOC-2025-02991;2025-03-20;LLAMADA;PAGO_PARCIAL;Ximena Toro Pacheco
GES-000144;DOC-2024-00688;2025-03-21;CARTA_CERTIFICADA;INCOBRABLE_DECLARADO;Ximena Toro Pacheco
GES-000284;DOC-2025-03214;2025-03-21;CARTA_CERTIFICADA;INCOBRABLE_DECLARADO;Paula Zambrano Leiva
GES-000401;DOC-2025-02462;2025-03-21;EMAIL;COMPROMISO_PAGO;Cristian Bravo Aguilera
GES-000843;DOC-2024-00157;2025-03-21;CARTA_CERTIFICADA;COMPROMISO_PAGO;Ximena Toro Pacheco
GES-000281;DOC-2024-00573;2025-03-22;DEMANDA_JUDICIAL;INCOBRABLE_DECLARADO;Cristian Bravo Aguilera
GES-000553;DOC-2025-03712;2025-03-23;EMAIL;PAGO_PARCIAL;Hector Manriquez Salas
GES-000408;DOC-2024-00227;2025-03-26;EMAIL;SIN_RESPUESTA;Ximena Toro Pacheco
GES-000502;DOC-2025-02771;2025-03-26;LLAMADA;COMPROMISO_PAGO;Paula Zambrano Leiva
GES-000608;DOC-2024-00279;2025-03-27;EMAIL;SIN_RESPUESTA;Paula Zambrano Leiva
GES-000450;DOC-2024-00239;2025-03-29;CARTA_CERTIFICADA;DISPUTA;Ximena Toro Pacheco
GES-000919;DOC-2024-01912;2025-03-29;LLAMADA;SIN_RESPUESTA;Ximena Toro Pacheco
GES-000275;DOC-2024-00351;2025-03-30;EMAIL;COMPROMISO_PAGO;Cristian Bravo Aguilera
GES-000936;DOC-2024-01130;2025-03-30;LLAMADA;DISPUTA;Cristian Bravo Aguilera
GES-000999;DOC-2024-01596;2025-03-30;DEMANDA_JUDICIAL;DISPUTA;Ximena Toro Pacheco
GES-000397;DOC-2024-01474;2025-03-31;CARTA_CERTIFICADA;COMPROMISO_PAGO;Paula Zambrano Leiva
GES-000637;DOC-2024-01312;2025-03-31;CARTA_CERTIFICADA;SIN_RESPUESTA;Cristian Bravo Aguilera
GES-000200;DOC-2025-03492;2025-04-01;EMAIL;DISPUTA;Paula Zambrano Leiva
GES-000259;DOC-2025-03042;2025-04-02;CARTA_CERTIFICADA;SIN_RESPUESTA;Hector Manriquez Salas
GES-000516;DOC-2025-02782;2025-04-02;LLAMADA;SIN_RESPUESTA;Hector Manriquez Salas
GES-000702;DOC-2025-03083;2025-04-02;LLAMADA;COMPROMISO_PAGO;Nataly Poblete Ruiz
GES-000205;DOC-2025-03115;2025-04-03;LLAMADA;COMPROMISO_PAGO;Paula Zambrano Leiva
GES-000418;DOC-2024-00929;2025-04-04;CARTA_CERTIFICADA;COMPROMISO_PAGO;Paula Zambrano Leiva
GES-000920;DOC-2024-00151;2025-04-04;EMAIL;SIN_RESPUESTA;Ximena Toro Pacheco
GES-000976;DOC-2024-01196;2025-04-04;CARTA_CERTIFICADA;COMPROMISO_PAGO;Cristian Bravo Aguilera
GES-000365;DOC-2025-03571;2025-04-06;LLAMADA;COMPROMISO_PAGO;Paula Zambrano Leiva
GES-000915;DOC-2025-02617;2025-04-06;EMAIL;SIN_RESPUESTA;Cristian Bravo Aguilera
GES-000127;DOC-2025-03268;2025-04-07;EMAIL;COMPROMISO_PAGO;Nataly Poblete Ruiz
GES-000380;DOC-2025-03769;2025-04-07;EMAIL;SIN_RESPUESTA;Hector Manriquez Salas
GES-000416;DOC-2024-00457;2025-04-07;LLAMADA;COMPROMISO_PAGO;Nataly Poblete Ruiz
GES-000990;DOC-2024-01677;2025-04-08;CARTA_CERTIFICADA;COMPROMISO_PAGO;Nataly Poblete Ruiz
GES-000313;DOC-2025-02240;2025-04-11;EMAIL;SIN_RESPUESTA;Ximena Toro Pacheco
GES-000510;DOC-2025-02414;2025-04-11;EMAIL;SIN_RESPUESTA;Cristian Bravo Aguilera
GES-000775;DOC-2025-03778;2025-04-11;EMAIL;SIN_RESPUESTA;Paula Zambrano Leiva
GES-000750;DOC-2024-00156;2025-04-12;LLAMADA;COMPROMISO_PAGO;Nataly Poblete Ruiz
GES-000864;DOC-2025-02023;2025-04-12;LLAMADA;COMPROMISO_PAGO;Cristian Bravo Aguilera
GES-000939;DOC-2025-02636;2025-04-12;EMAIL;SIN_RESPUESTA;Ximena Toro Pacheco
GES-000735;DOC-2025-03923;2025-04-13;LLAMADA;COMPROMISO_PAGO;Cristian Bravo Aguilera
GES-000874;DOC-2025-04044;2025-04-13;EMAIL;SIN_RESPUESTA;Hector Manriquez Salas
GES-000964;DOC-2024-00401;2025-04-14;CARTA_CERTIFICADA;COMPROMISO_PAGO;Ximena Toro Pacheco
GES-000333;DOC-2025-02874;2025-04-15;EMAIL;PAGO_PARCIAL;Cristian Bravo Aguilera
GES-000732;DOC-2025-02989;2025-04-15;EMAIL;INCOBRABLE_DECLARADO;Ximena Toro Pacheco
GES-000350;DOC-2024-01743;2025-04-16;EMAIL;DISPUTA;Cristian Bravo Aguilera
GES-000583;DOC-2024-01259;2025-04-17;EMAIL;DISPUTA;Paula Zambrano Leiva
GES-000906;DOC-2024-00314;2025-04-17;VISITA;SIN_RESPUESTA;Ximena Toro Pacheco
GES-000805;DOC-2024-01390;2025-04-19;LLAMADA;SIN_RESPUESTA;Hector Manriquez Salas
GES-000970;DOC-2024-00459;2025-04-19;PREJUDICIAL;SIN_RESPUESTA;Nataly Poblete Ruiz
GES-000972;DOC-2025-02701;2025-04-19;LLAMADA;SIN_RESPUESTA;Paula Zambrano Leiva
GES-000604;DOC-2024-00115;2025-04-20;PREJUDICIAL;COMPROMISO_PAGO;Cristian Bravo Aguilera
GES-000896;DOC-2025-03378;2025-04-20;EMAIL;COMPROMISO_PAGO;Cristian Bravo Aguilera
GES-000307;DOC-2024-00385;2025-04-21;VISITA;SIN_RESPUESTA;Cristian Bravo Aguilera
GES-000826;DOC-2025-02187;2025-04-21;LLAMADA;SIN_RESPUESTA;Ximena Toro Pacheco
GES-000178;DOC-2025-02429;2025-04-22;EMAIL;SIN_RESPUESTA;Ximena Toro Pacheco
GES-000492;DOC-2024-00842;2025-04-23;DEMANDA_JUDICIAL;SIN_RESPUESTA;Cristian Bravo Aguilera
GES-000979;DOC-2024-00190;2025-04-23;LLAMADA;DISPUTA;Cristian Bravo Aguilera
GES-000173;DOC-2025-03549;2025-04-24;LLAMADA;SIN_RESPUESTA;Ximena Toro Pacheco
GES-000710;DOC-2025-03882;2025-04-25;LLAMADA;SIN_RESPUESTA;Nataly Poblete Ruiz
GES-000822;DOC-2025-03358;2025-04-26;EMAIL;DISPUTA;Paula Zambrano Leiva
GES-000716;DOC-2025-03007;2025-04-27;LLAMADA;COMPROMISO_PAGO;Ximena Toro Pacheco
GES-000689;DOC-2025-03624;2025-04-28;LLAMADA;COMPROMISO_PAGO;Cristian Bravo Aguilera
GES-000134;DOC-2024-01978;2025-04-29;DEMANDA_JUDICIAL;SIN_RESPUESTA;Paula Zambrano Leiva
GES-000591;DOC-2024-00255;2025-04-29;CARTA_CERTIFICADA;COMPROMISO_PAGO;Ximena Toro Pacheco
GES-000249;DOC-2024-00292;2025-04-30;CARTA_CERTIFICADA;PAGO_PARCIAL;Ximena Toro Pacheco
GES-000409;DOC-2024-00227;2025-04-30;LLAMADA;DISPUTA;Ximena Toro Pacheco
GES-000695;DOC-2024-00616;2025-04-30;CARTA_CERTIFICADA;SIN_RESPUESTA;Ximena Toro Pacheco
GES-000914;DOC-2024-00107;2025-04-30;LLAMADA;COMPROMISO_PAGO;Hector Manriquez Salas
GES-000237;DOC-2025-02039;2025-05-02;EMAIL;COMPROMISO_PAGO;Cristian Bravo Aguilera
GES-001007;DOC-2024-01520;2025-05-03;DEMANDA_JUDICIAL;SIN_RESPUESTA;Hector Manriquez Salas
GES-000193;DOC-2025-04215;2025-05-04;LLAMADA;SIN_RESPUESTA;Cristian Bravo Aguilera
GES-000520;DOC-2024-00711;2025-05-04;PREJUDICIAL;INCOBRABLE_DECLARADO;Cristian Bravo Aguilera
GES-000770;DOC-2024-01127;2025-05-04;LLAMADA;SIN_RESPUESTA;Ximena Toro Pacheco
GES-000571;DOC-2024-01449;2025-05-05;PREJUDICIAL;PAGO_PARCIAL;Ximena Toro Pacheco
GES-000721;DOC-2025-03240;2025-05-05;LLAMADA;COMPROMISO_PAGO;Paula Zambrano Leiva
GES-000323;DOC-2024-00448;2025-05-06;CARTA_CERTIFICADA;SIN_RESPUESTA;Ximena Toro Pacheco
GES-000371;DOC-2024-01114;2025-05-06;DEMANDA_JUDICIAL;SIN_RESPUESTA;Nataly Poblete Ruiz
GES-000867;DOC-2025-03068;2025-05-06;EMAIL;COMPROMISO_PAGO;Ximena Toro Pacheco
GES-000381;DOC-2025-03769;2025-05-07;CARTA_CERTIFICADA;PAGO_PARCIAL;Hector Manriquez Salas
GES-000759;DOC-2025-02713;2025-05-07;EMAIL;COMPROMISO_PAGO;Ximena Toro Pacheco
GES-000871;DOC-2025-03536;2025-05-07;LLAMADA;SIN_RESPUESTA;Cristian Bravo Aguilera
GES-000366;DOC-2025-03571;2025-05-08;PREJUDICIAL;SIN_RESPUESTA;Paula Zambrano Leiva
GES-000676;DOC-2025-03978;2025-05-10;LLAMADA;INCOBRABLE_DECLARADO;Hector Manriquez Salas
GES-000778;DOC-2025-02939;2025-05-11;EMAIL;SIN_RESPUESTA;Hector Manriquez Salas
GES-000977;DOC-2024-01196;2025-05-11;LLAMADA;COMPROMISO_PAGO;Cristian Bravo Aguilera
GES-000950;DOC-2025-02936;2025-05-12;EMAIL;PAGO_PARCIAL;Nataly Poblete Ruiz
GES-000810;DOC-2025-02757;2025-05-13;EMAIL;SIN_RESPUESTA;Cristian Bravo Aguilera
GES-000266;DOC-2025-02575;2025-05-14;LLAMADA;SIN_RESPUESTA;Cristian Bravo Aguilera
GES-000834;DOC-2024-01628;2025-05-14;PREJUDICIAL;COMPROMISO_PAGO;Ximena Toro Pacheco
GES-000481;DOC-2025-03806;2025-05-15;EMAIL;PAGO_PARCIAL;Nataly Poblete Ruiz
GES-000508;DOC-2025-03704;2025-05-16;LLAMADA;PAGO_PARCIAL;Ximena Toro Pacheco
GES-000764;DOC-2025-02854;2025-05-18;LLAMADA;SIN_RESPUESTA;Paula Zambrano Leiva
GES-001027;DOC-2025-04093;2025-05-18;EMAIL;DISPUTA;Paula Zambrano Leiva
GES-000319;DOC-2025-04065;2025-05-19;LLAMADA;PAGO_PARCIAL;Hector Manriquez Salas
GES-000554;DOC-2025-03712;2025-05-19;EMAIL;INCOBRABLE_DECLARADO;Hector Manriquez Salas
GES-000515;DOC-2024-00063;2025-05-20;PREJUDICIAL;SIN_RESPUESTA;Cristian Bravo Aguilera
GES-000907;DOC-2024-00314;2025-05-20;PREJUDICIAL;INCOBRABLE_DECLARADO;Ximena Toro Pacheco
GES-000157;DOC-2025-02171;2025-05-21;EMAIL;COMPROMISO_PAGO;Hector Manriquez Salas
GES-000328;DOC-2025-04259;2025-05-21;LLAMADA;SIN_RESPUESTA;Ximena Toro Pacheco
GES-000351;DOC-2024-01743;2025-05-21;LLAMADA;PAGO_PARCIAL;Cristian Bravo Aguilera
GES-000394;DOC-2025-02141;2025-05-21;EMAIL;SIN_RESPUESTA;Cristian Bravo Aguilera
GES-000168;DOC-2024-01642;2025-05-22;CARTA_CERTIFICADA;COMPROMISO_PAGO;Paula Zambrano Leiva
GES-000229;DOC-2025-04080;2025-05-25;EMAIL;SIN_RESPUESTA;Hector Manriquez Salas
GES-000711;DOC-2025-03882;2025-05-25;CARTA_CERTIFICADA;PAGO_PARCIAL;Nataly Poblete Ruiz
GES-001022;DOC-2024-00873;2025-05-25;CARTA_CERTIFICADA;SIN_RESPUESTA;Ximena Toro Pacheco
GES-000378;DOC-2024-00935;2025-05-26;CARTA_CERTIFICADA;SIN_RESPUESTA;Ximena Toro Pacheco
GES-000823;DOC-2025-03358;2025-05-26;CARTA_CERTIFICADA;SIN_RESPUESTA;Paula Zambrano Leiva
GES-000172;DOC-2024-01120;2025-05-27;CARTA_CERTIFICADA;INCOBRABLE_DECLARADO;Cristian Bravo Aguilera
GES-000407;DOC-2024-00602;2025-05-28;EMAIL;PAGO_PARCIAL;Hector Manriquez Salas
GES-000225;DOC-2025-04040;2025-05-29;LLAMADA;PAGO_PARCIAL;Paula Zambrano Leiva
GES-000334;DOC-2025-02874;2025-05-29;LLAMADA;COMPROMISO_PAGO;Cristian Bravo Aguilera
GES-000453;DOC-2025-03132;2025-05-29;CARTA_CERTIFICADA;SIN_RESPUESTA;Paula Zambrano Leiva
GES-000459;DOC-2024-00108;2025-05-29;CARTA_CERTIFICADA;COMPROMISO_PAGO;Cristian Bravo Aguilera
GES-000503;DOC-2025-02771;2025-05-29;EMAIL;COMPROMISO_PAGO;Paula Zambrano Leiva
GES-000656;DOC-2025-03277;2025-05-29;EMAIL;DISPUTA;Ximena Toro Pacheco
GES-000806;DOC-2024-01390;2025-05-29;PREJUDICIAL;COMPROMISO_PAGO;Hector Manriquez Salas
GES-000308;DOC-2024-00385;2025-05-30;CARTA_CERTIFICADA;COMPROMISO_PAGO;Cristian Bravo Aguilera
GES-000398;DOC-2024-01474;2025-05-30;VISITA;SIN_RESPUESTA;Paula Zambrano Leiva
GES-000128;DOC-2025-03268;2025-05-31;EMAIL;COMPROMISO_PAGO;Nataly Poblete Ruiz
GES-000457;DOC-2024-01483;2025-05-31;DEMANDA_JUDICIAL;SIN_RESPUESTA;Hector Manriquez Salas
GES-000383;DOC-2025-02254;2025-06-02;EMAIL;SIN_RESPUESTA;Ximena Toro Pacheco
GES-000951;DOC-2025-02936;2025-06-04;CARTA_CERTIFICADA;INCOBRABLE_DECLARADO;Nataly Poblete Ruiz
GES-000743;DOC-2025-02241;2025-06-05;LLAMADA;COMPROMISO_PAGO;Paula Zambrano Leiva
GES-000779;DOC-2025-02939;2025-06-05;CARTA_CERTIFICADA;COMPROMISO_PAGO;Hector Manriquez Salas
GES-000794;DOC-2025-02978;2025-06-05;LLAMADA;SIN_RESPUESTA;Hector Manriquez Salas
GES-000540;DOC-2024-00910;2025-06-06;EMAIL;DISPUTA;Hector Manriquez Salas
GES-000584;DOC-2024-01259;2025-06-06;VISITA;PAGO_PARCIAL;Paula Zambrano Leiva
GES-000145;DOC-2024-00688;2025-06-07;CARTA_CERTIFICADA;PAGO_PARCIAL;Ximena Toro Pacheco
GES-000650;DOC-2024-01532;2025-06-07;PREJUDICIAL;SIN_RESPUESTA;Paula Zambrano Leiva
GES-000311;DOC-2025-02780;2025-06-08;EMAIL;COMPROMISO_PAGO;Ximena Toro Pacheco
GES-000477;DOC-2024-00584;2025-06-08;EMAIL;COMPROMISO_PAGO;Cristian Bravo Aguilera
GES-000592;DOC-2024-00255;2025-06-08;LLAMADA;SIN_RESPUESTA;Ximena Toro Pacheco
GES-000940;DOC-2025-02636;2025-06-08;LLAMADA;COMPROMISO_PAGO;Ximena Toro Pacheco
GES-000199;DOC-2025-02794;2025-06-09;EMAIL;SIN_RESPUESTA;Hector Manriquez Salas
GES-000499;DOC-2025-04230;2025-06-09;EMAIL;SIN_RESPUESTA;Nataly Poblete Ruiz
GES-000696;DOC-2024-00616;2025-06-09;PREJUDICIAL;SIN_RESPUESTA;Ximena Toro Pacheco
GES-000606;DOC-2025-02390;2025-06-10;EMAIL;SIN_RESPUESTA;Paula Zambrano Leiva
GES-000232;DOC-2025-03101;2025-06-11;EMAIL;SIN_RESPUESTA;Ximena Toro Pacheco
GES-000395;DOC-2025-02141;2025-06-11;LLAMADA;COMPROMISO_PAGO;Cristian Bravo Aguilera
GES-000414;DOC-2024-01291;2025-06-11;PREJUDICIAL;SIN_RESPUESTA;Paula Zambrano Leiva
GES-000754;DOC-2025-03931;2025-06-11;LLAMADA;PAGO_PARCIAL;Cristian Bravo Aguilera
GES-000174;DOC-2025-03549;2025-06-12;CARTA_CERTIFICADA;SIN_RESPUESTA;Ximena Toro Pacheco
GES-000521;DOC-2024-00711;2025-06-12;DEMANDA_JUDICIAL;INCOBRABLE_DECLARADO;Cristian Bravo Aguilera
GES-000549;DOC-2024-00455;2025-06-12;DEMANDA_JUDICIAL;SIN_RESPUESTA;Cristian Bravo Aguilera
GES-000260;DOC-2025-03042;2025-06-13;PREJUDICIAL;INCOBRABLE_DECLARADO;Hector Manriquez Salas
GES-000542;DOC-2025-02595;2025-06-13;EMAIL;SIN_RESPUESTA;Hector Manriquez Salas
GES-001030;DOC-2025-02762;2025-06-13;LLAMADA;PAGO_PARCIAL;Cristian Bravo Aguilera
GES-000645;DOC-2025-02654;2025-06-14;EMAIL;SIN_RESPUESTA;Ximena Toro Pacheco
GES-000402;DOC-2025-02462;2025-06-15;LLAMADA;SIN_RESPUESTA;Cristian Bravo Aguilera
GES-000268;DOC-2025-03306;2025-06-17;LLAMADA;COMPROMISO_PAGO;Cristian Bravo Aguilera
GES-000916;DOC-2025-02617;2025-06-17;CARTA_CERTIFICADA;INCOBRABLE_DECLARADO;Cristian Bravo Aguilera
GES-000194;DOC-2025-04215;2025-06-18;EMAIL;DISPUTA;Cristian Bravo Aguilera
GES-000224;DOC-2025-03755;2025-06-18;LLAMADA;PAGO_PARCIAL;Ximena Toro Pacheco
GES-000572;DOC-2024-01449;2025-06-18;DEMANDA_JUDICIAL;INCOBRABLE_DECLARADO;Ximena Toro Pacheco
GES-000267;DOC-2025-02575;2025-06-19;EMAIL;COMPROMISO_PAGO;Cristian Bravo Aguilera
GES-000314;DOC-2025-02240;2025-06-19;EMAIL;COMPROMISO_PAGO;Ximena Toro Pacheco
GES-000430;DOC-2025-03633;2025-06-19;EMAIL;COMPROMISO_PAGO;Ximena Toro Pacheco
GES-000462;DOC-2024-00751;2025-06-19;PREJUDICIAL;DISPUTA;Paula Zambrano Leiva
GES-000359;DOC-2025-02604;2025-06-20;LLAMADA;COMPROMISO_PAGO;Hector Manriquez Salas
GES-000733;DOC-2025-02989;2025-06-20;CARTA_CERTIFICADA;SIN_RESPUESTA;Ximena Toro Pacheco
GES-000807;DOC-2024-01390;2025-06-20;DEMANDA_JUDICIAL;INCOBRABLE_DECLARADO;Hector Manriquez Salas
GES-000201;DOC-2025-03492;2025-06-21;CARTA_CERTIFICADA;INCOBRABLE_DECLARADO;Paula Zambrano Leiva
GES-000682;DOC-2025-03052;2025-06-21;LLAMADA;SIN_RESPUESTA;Cristian Bravo Aguilera
GES-000771;DOC-2024-01127;2025-06-21;PREJUDICIAL;SIN_RESPUESTA;Ximena Toro Pacheco
GES-000921;DOC-2024-00151;2025-06-23;EMAIL;COMPROMISO_PAGO;Ximena Toro Pacheco
GES-000129;DOC-2025-03268;2025-06-25;PREJUDICIAL;COMPROMISO_PAGO;Nataly Poblete Ruiz
GES-000250;DOC-2025-04032;2025-06-25;LLAMADA;PAGO_PARCIAL;Paula Zambrano Leiva
GES-000638;DOC-2024-01312;2025-06-26;PREJUDICIAL;SIN_RESPUESTA;Cristian Bravo Aguilera
GES-000309;DOC-2025-02024;2025-06-27;EMAIL;SIN_RESPUESTA;Ximena Toro Pacheco
GES-000541;DOC-2024-00910;2025-06-27;PREJUDICIAL;COMPROMISO_PAGO;Hector Manriquez Salas
GES-000324;DOC-2024-00448;2025-06-28;DEMANDA_JUDICIAL;DISPUTA;Ximena Toro Pacheco
GES-000478;DOC-2024-00584;2025-06-28;PREJUDICIAL;DISPUTA;Cristian Bravo Aguilera
GES-000707;DOC-2025-02643;2025-06-28;LLAMADA;COMPROMISO_PAGO;Cristian Bravo Aguilera
GES-000908;DOC-2024-00314;2025-06-28;CARTA_CERTIFICADA;COMPROMISO_PAGO;Ximena Toro Pacheco
GES-000509;DOC-2025-03704;2025-06-29;CARTA_CERTIFICADA;SIN_RESPUESTA;Ximena Toro Pacheco
GES-000392;DOC-2025-02867;2025-06-30;EMAIL;SIN_RESPUESTA;Paula Zambrano Leiva
GES-000593;DOC-2024-00255;2025-06-30;VISITA;COMPROMISO_PAGO;Ximena Toro Pacheco
GES-000341;DOC-2024-00064;2025-07-01;VISITA;SIN_RESPUESTA;Hector Manriquez Salas
GES-000870;DOC-2025-03097;2025-07-01;LLAMADA;COMPROMISO_PAGO;Nataly Poblete Ruiz
GES-000384;DOC-2025-02254;2025-07-02;CARTA_CERTIFICADA;PAGO_PARCIAL;Ximena Toro Pacheco
GES-000883;DOC-2025-02991;2025-07-02;CARTA_CERTIFICADA;COMPROMISO_PAGO;Ximena Toro Pacheco
GES-000427;DOC-2025-02953;2025-07-04;EMAIL;SIN_RESPUESTA;Hector Manriquez Salas
GES-000330;DOC-2025-03845;2025-07-05;LLAMADA;SIN_RESPUESTA;Paula Zambrano Leiva
GES-000566;DOC-2025-02029;2025-07-05;LLAMADA;SIN_RESPUESTA;Hector Manriquez Salas
GES-000937;DOC-2024-01130;2025-07-05;PREJUDICIAL;PAGO_PARCIAL;Cristian Bravo Aguilera
GES-000238;DOC-2025-02039;2025-07-06;LLAMADA;SIN_RESPUESTA;Cristian Bravo Aguilera
GES-000550;DOC-2025-03205;2025-07-07;EMAIL;PAGO_PARCIAL;Nataly Poblete Ruiz
GES-000175;DOC-2025-03549;2025-07-08;PREJUDICIAL;COMPROMISO_PAGO;Ximena Toro Pacheco
GES-000195;DOC-2025-04215;2025-07-08;CARTA_CERTIFICADA;DISPUTA;Cristian Bravo Aguilera
GES-000680;DOC-2025-02387;2025-07-08;EMAIL;SIN_RESPUESTA;Ximena Toro Pacheco
GES-000726;DOC-2025-03434;2025-07-08;LLAMADA;COMPROMISO_PAGO;Cristian Bravo Aguilera
GES-000751;DOC-2024-00156;2025-07-09;VISITA;COMPROMISO_PAGO;Nataly Poblete Ruiz
GES-000755;DOC-2025-03931;2025-07-09;CARTA_CERTIFICADA;INCOBRABLE_DECLARADO;Cristian Bravo Aguilera
GES-000953;DOC-2025-04357;2025-07-10;LLAMADA;DISPUTA;Hector Manriquez Salas
GES-000301;DOC-2025-03895;2025-07-11;LLAMADA;INCOBRABLE_DECLARADO;Ximena Toro Pacheco
GES-000439;DOC-2025-02491;2025-07-11;LLAMADA;PAGO_PARCIAL;Ximena Toro Pacheco
GES-000609;DOC-2024-00279;2025-07-11;LLAMADA;SIN_RESPUESTA;Paula Zambrano Leiva
GES-000900;DOC-2025-03271;2025-07-11;EMAIL;COMPROMISO_PAGO;Hector Manriquez Salas
GES-000965;DOC-2025-02605;2025-07-11;LLAMADA;SIN_RESPUESTA;Paula Zambrano Leiva
GES-000847;DOC-2025-03849;2025-07-12;EMAIL;INCOBRABLE_DECLARADO;Nataly Poblete Ruiz
GES-000253;DOC-2025-03679;2025-07-13;EMAIL;SIN_RESPUESTA;Cristian Bravo Aguilera
GES-000419;DOC-2024-00929;2025-07-14;EMAIL;COMPROMISO_PAGO;Paula Zambrano Leiva
GES-000875;DOC-2025-04044;2025-07-14;EMAIL;SIN_RESPUESTA;Hector Manriquez Salas
GES-000251;DOC-2025-04032;2025-07-16;EMAIL;SIN_RESPUESTA;Paula Zambrano Leiva
GES-000772;DOC-2024-01127;2025-07-16;DEMANDA_JUDICIAL;DISPUTA;Ximena Toro Pacheco
GES-000444;DOC-2025-03583;2025-07-17;LLAMADA;SIN_RESPUESTA;Cristian Bravo Aguilera
GES-000889;DOC-2025-02890;2025-07-17;EMAIL;COMPROMISO_PAGO;Ximena Toro Pacheco
GES-000100;DOC-2025-02719;2025-07-18;LLAMADA;COMPROMISO_PAGO;Paula Zambrano Leiva
GES-000320;DOC-2025-04065;2025-07-18;LLAMADA;COMPROMISO_PAGO;Hector Manriquez Salas
GES-000857;DOC-2025-03013;2025-07-18;EMAIL;PAGO_PARCIAL;Ximena Toro Pacheco
GES-000897;DOC-2025-03378;2025-07-18;CARTA_CERTIFICADA;SIN_RESPUESTA;Cristian Bravo Aguilera
GES-000865;DOC-2025-02023;2025-07-19;CARTA_CERTIFICADA;DISPUTA;Cristian Bravo Aguilera
GES-000522;DOC-2025-03593;2025-07-21;LLAMADA;SIN_RESPUESTA;Ximena Toro Pacheco
GES-000708;DOC-2025-02643;2025-07-21;LLAMADA;SIN_RESPUESTA;Cristian Bravo Aguilera
GES-000146;DOC-2024-00688;2025-07-22;VISITA;SIN_RESPUESTA;Ximena Toro Pacheco
GES-000479;DOC-2024-00584;2025-07-23;DEMANDA_JUDICIAL;DISPUTA;Cristian Bravo Aguilera
GES-000959;DOC-2025-02744;2025-07-23;EMAIL;DISPUTA;Cristian Bravo Aguilera
GES-000269;DOC-2025-03306;2025-07-24;CARTA_CERTIFICADA;INCOBRABLE_DECLARADO;Cristian Bravo Aguilera
GES-000138;DOC-2025-03163;2025-07-25;LLAMADA;COMPROMISO_PAGO;Nataly Poblete Ruiz
GES-000697;DOC-2024-00616;2025-07-25;DEMANDA_JUDICIAL;COMPROMISO_PAGO;Ximena Toro Pacheco
GES-000179;DOC-2025-02429;2025-07-26;EMAIL;PAGO_PARCIAL;Ximena Toro Pacheco
GES-000500;DOC-2025-04230;2025-07-27;CARTA_CERTIFICADA;DISPUTA;Nataly Poblete Ruiz
GES-000811;DOC-2025-02757;2025-07-27;CARTA_CERTIFICADA;INCOBRABLE_DECLARADO;Cristian Bravo Aguilera
GES-000971;DOC-2024-00459;2025-07-27;DEMANDA_JUDICIAL;DISPUTA;Nataly Poblete Ruiz
GES-000028;DOC-2025-03714;2025-07-28;EMAIL;SIN_RESPUESTA;Nataly Poblete Ruiz
GES-000186;DOC-2025-04344;2025-07-28;LLAMADA;SIN_RESPUESTA;Nataly Poblete Ruiz
GES-000463;DOC-2024-00751;2025-07-28;DEMANDA_JUDICIAL;DISPUTA;Paula Zambrano Leiva
GES-000740;DOC-2025-03224;2025-07-31;LLAMADA;SIN_RESPUESTA;Cristian Bravo Aguilera
GES-000717;DOC-2025-03007;2025-08-01;LLAMADA;DISPUTA;Ximena Toro Pacheco
GES-000827;DOC-2025-02187;2025-08-01;EMAIL;COMPROMISO_PAGO;Ximena Toro Pacheco
GES-000109;DOC-2025-03364;2025-08-02;EMAIL;SIN_RESPUESTA;Cristian Bravo Aguilera
GES-000053;DOC-2025-02972;2025-08-05;LLAMADA;SIN_RESPUESTA;Paula Zambrano Leiva
GES-000482;DOC-2025-03806;2025-08-05;LLAMADA;SIN_RESPUESTA;Nataly Poblete Ruiz
GES-000744;DOC-2025-02241;2025-08-05;EMAIL;SIN_RESPUESTA;Paula Zambrano Leiva
GES-000335;DOC-2025-02874;2025-08-06;EMAIL;INCOBRABLE_DECLARADO;Cristian Bravo Aguilera
GES-001012;DOC-2025-03744;2025-08-06;EMAIL;SIN_RESPUESTA;Ximena Toro Pacheco
GES-000036;DOC-2025-02947;2025-08-07;LLAMADA;SIN_RESPUESTA;Ximena Toro Pacheco
GES-000543;DOC-2025-02595;2025-08-07;EMAIL;PAGO_PARCIAL;Hector Manriquez Salas
GES-000169;DOC-2024-01642;2025-08-08;PREJUDICIAL;COMPROMISO_PAGO;Paula Zambrano Leiva
GES-000866;DOC-2025-02023;2025-08-08;PREJUDICIAL;SIN_RESPUESTA;Cristian Bravo Aguilera
GES-000196;DOC-2025-03413;2025-08-09;EMAIL;COMPROMISO_PAGO;Nataly Poblete Ruiz
GES-001023;DOC-2024-00873;2025-08-09;EMAIL;SIN_RESPUESTA;Ximena Toro Pacheco
GES-000816;DOC-2025-04019;2025-08-10;LLAMADA;PAGO_PARCIAL;Cristian Bravo Aguilera
GES-000008;DOC-2025-03628;2025-08-11;LLAMADA;COMPROMISO_PAGO;Ximena Toro Pacheco
GES-000321;DOC-2025-04065;2025-08-11;PREJUDICIAL;SIN_RESPUESTA;Hector Manriquez Salas
GES-000360;DOC-2025-02604;2025-08-11;CARTA_CERTIFICADA;SIN_RESPUESTA;Hector Manriquez Salas
GES-000620;DOC-2025-04022;2025-08-11;EMAIL;SIN_RESPUESTA;Hector Manriquez Salas
GES-000722;DOC-2025-03240;2025-08-11;PREJUDICIAL;SIN_RESPUESTA;Paula Zambrano Leiva
GES-000938;DOC-2024-01130;2025-08-12;DEMANDA_JUDICIAL;SIN_RESPUESTA;Cristian Bravo Aguilera
GES-000646;DOC-2025-02654;2025-08-15;EMAIL;SIN_RESPUESTA;Ximena Toro Pacheco
GES-000004;DOC-2025-03167;2025-08-16;LLAMADA;COMPROMISO_PAGO;Hector Manriquez Salas
GES-000607;DOC-2025-02390;2025-08-16;CARTA_CERTIFICADA;COMPROMISO_PAGO;Paula Zambrano Leiva
GES-000760;DOC-2025-02713;2025-08-16;LLAMADA;COMPROMISO_PAGO;Ximena Toro Pacheco
GES-000001;DOC-2025-03017;2025-08-17;LLAMADA;PAGO_PARCIAL;Cristian Bravo Aguilera
GES-000379;DOC-2024-00935;2025-08-17;EMAIL;SIN_RESPUESTA;Ximena Toro Pacheco
GES-000436;DOC-2025-02882;2025-08-17;EMAIL;DISPUTA;Cristian Bravo Aguilera
GES-000892;DOC-2025-02846;2025-08-17;EMAIL;SIN_RESPUESTA;Cristian Bravo Aguilera
GES-000898;DOC-2025-03378;2025-08-17;PREJUDICIAL;SIN_RESPUESTA;Cristian Bravo Aguilera
GES-000062;DOC-2025-02738;2025-08-18;EMAIL;PAGO_PARCIAL;Hector Manriquez Salas
GES-000420;DOC-2024-00929;2025-08-18;PREJUDICIAL;DISPUTA;Paula Zambrano Leiva
GES-000868;DOC-2025-03068;2025-08-18;EMAIL;INCOBRABLE_DECLARADO;Ximena Toro Pacheco
GES-000130;DOC-2025-03268;2025-08-19;EMAIL;SIN_RESPUESTA;Nataly Poblete Ruiz
GES-000180;DOC-2025-02429;2025-08-19;EMAIL;INCOBRABLE_DECLARADO;Ximena Toro Pacheco
GES-000261;DOC-2025-03042;2025-08-19;DEMANDA_JUDICIAL;SIN_RESPUESTA;Hector Manriquez Salas
GES-000551;DOC-2025-03423;2025-08-19;EMAIL;SIN_RESPUESTA;Cristian Bravo Aguilera
GES-000206;DOC-2025-03560;2025-08-20;EMAIL;SIN_RESPUESTA;Ximena Toro Pacheco
GES-000776;DOC-2025-03181;2025-08-20;EMAIL;PAGO_PARCIAL;Cristian Bravo Aguilera
GES-001001;DOC-2025-02457;2025-08-20;LLAMADA;SIN_RESPUESTA;Ximena Toro Pacheco
GES-000011;DOC-2025-03184;2025-08-21;EMAIL;COMPROMISO_PAGO;Cristian Bravo Aguilera
GES-000262;DOC-2025-02618;2025-08-21;LLAMADA;SIN_RESPUESTA;Hector Manriquez Salas
GES-000651;DOC-2024-01532;2025-08-21;DEMANDA_JUDICIAL;PAGO_PARCIAL;Paula Zambrano Leiva
GES-000942;DOC-2025-03112;2025-08-21;EMAIL;COMPROMISO_PAGO;Cristian Bravo Aguilera
GES-000677;DOC-2025-03978;2025-08-22;CARTA_CERTIFICADA;PAGO_PARCIAL;Hector Manriquez Salas
GES-000941;DOC-2025-02636;2025-08-22;LLAMADA;SIN_RESPUESTA;Ximena Toro Pacheco
GES-001018;DOC-2025-03099;2025-08-22;EMAIL;DISPUTA;Hector Manriquez Salas
GES-000116;DOC-2025-03550;2025-08-23;LLAMADA;COMPROMISO_PAGO;Paula Zambrano Leiva
GES-000639;DOC-2024-01312;2025-08-23;CARTA_CERTIFICADA;SIN_RESPUESTA;Cristian Bravo Aguilera
GES-000079;DOC-2025-02201;2025-08-24;EMAIL;COMPROMISO_PAGO;Ximena Toro Pacheco
GES-000221;DOC-2025-02751;2025-08-24;EMAIL;SIN_RESPUESTA;Paula Zambrano Leiva
GES-000357;DOC-2025-04224;2025-08-24;EMAIL;SIN_RESPUESTA;Ximena Toro Pacheco
GES-000388;DOC-2025-03304;2025-08-24;LLAMADA;COMPROMISO_PAGO;Paula Zambrano Leiva
GES-000712;DOC-2025-03882;2025-08-25;CARTA_CERTIFICADA;INCOBRABLE_DECLARADO;Nataly Poblete Ruiz
GES-000931;DOC-2025-03645;2025-08-25;EMAIL;PAGO_PARCIAL;Paula Zambrano Leiva
GES-000254;DOC-2025-02827;2025-08-27;EMAIL;PAGO_PARCIAL;Ximena Toro Pacheco
GES-000586;DOC-2025-02066;2025-08-27;LLAMADA;SIN_RESPUESTA;Paula Zambrano Leiva
GES-000729;DOC-2025-02555;2025-08-27;EMAIL;SIN_RESPUESTA;Nataly Poblete Ruiz
GES-000828;DOC-2025-02187;2025-08-27;PREJUDICIAL;COMPROMISO_PAGO;Ximena Toro Pacheco
GES-000966;DOC-2025-02605;2025-08-27;EMAIL;SIN_RESPUESTA;Paula Zambrano Leiva
GES-000795;DOC-2025-02978;2025-08-28;CARTA_CERTIFICADA;SIN_RESPUESTA;Hector Manriquez Salas
GES-000147;DOC-2024-00688;2025-08-29;PREJUDICIAL;INCOBRABLE_DECLARADO;Ximena Toro Pacheco
GES-000431;DOC-2025-03633;2025-08-29;CARTA_CERTIFICADA;SIN_RESPUESTA;Ximena Toro Pacheco
GES-000657;DOC-2025-03277;2025-08-29;CARTA_CERTIFICADA;SIN_RESPUESTA;Ximena Toro Pacheco
GES-000047;DOC-2025-03232;2025-08-30;LLAMADA;COMPROMISO_PAGO;Ximena Toro Pacheco
GES-000523;DOC-2025-03593;2025-08-30;EMAIL;SIN_RESPUESTA;Ximena Toro Pacheco
GES-000727;DOC-2025-03434;2025-08-30;CARTA_CERTIFICADA;SIN_RESPUESTA;Cristian Bravo Aguilera
GES-000073;DOC-2025-02128;2025-08-31;EMAIL;COMPROMISO_PAGO;Cristian Bravo Aguilera
GES-000158;DOC-2025-02171;2025-08-31;EMAIL;COMPROMISO_PAGO;Hector Manriquez Salas
GES-000329;DOC-2025-04259;2025-08-31;LLAMADA;SIN_RESPUESTA;Ximena Toro Pacheco
GES-000752;DOC-2024-00156;2025-08-31;EMAIL;PAGO_PARCIAL;Nataly Poblete Ruiz
GES-001028;DOC-2025-04093;2025-08-31;CARTA_CERTIFICADA;SIN_RESPUESTA;Paula Zambrano Leiva
GES-000003;DOC-2025-03027;2025-09-01;EMAIL;COMPROMISO_PAGO;Ximena Toro Pacheco
GES-000352;DOC-2024-01743;2025-09-02;EMAIL;SIN_RESPUESTA;Cristian Bravo Aguilera
GES-000382;DOC-2025-03960;2025-09-02;LLAMADA;PAGO_PARCIAL;Cristian Bravo Aguilera
GES-000399;DOC-2025-02514;2025-09-02;LLAMADA;SIN_RESPUESTA;Ximena Toro Pacheco
GES-000442;DOC-2025-03428;2025-09-02;LLAMADA;SIN_RESPUESTA;Cristian Bravo Aguilera
GES-000756;DOC-2025-03931;2025-09-02;PREJUDICIAL;SIN_RESPUESTA;Cristian Bravo Aguilera
GES-000086;DOC-2025-03483;2025-09-03;EMAIL;SIN_RESPUESTA;Ximena Toro Pacheco
GES-000741;DOC-2025-03224;2025-09-03;CARTA_CERTIFICADA;SIN_RESPUESTA;Cristian Bravo Aguilera
GES-000745;DOC-2025-02241;2025-09-03;EMAIL;PAGO_PARCIAL;Paula Zambrano Leiva
GES-000829;DOC-2025-03702;2025-09-03;EMAIL;PAGO_PARCIAL;Nataly Poblete Ruiz
GES-000202;DOC-2025-03492;2025-09-04;DEMANDA_JUDICIAL;SIN_RESPUESTA;Paula Zambrano Leiva
GES-000468;DOC-2025-02994;2025-09-04;EMAIL;COMPROMISO_PAGO;Paula Zambrano Leiva
GES-000663;DOC-2025-04200;2025-09-04;LLAMADA;DISPUTA;Hector Manriquez Salas
GES-000765;DOC-2025-02854;2025-09-04;EMAIL;SIN_RESPUESTA;Paula Zambrano Leiva
GES-000076;DOC-2025-02670;2025-09-05;LLAMADA;SIN_RESPUESTA;Paula Zambrano Leiva
GES-000230;DOC-2025-04080;2025-09-05;LLAMADA;SIN_RESPUESTA;Hector Manriquez Salas
GES-000294;DOC-2025-02652;2025-09-05;LLAMADA;SIN_RESPUESTA;Cristian Bravo Aguilera
GES-000555;DOC-2025-03114;2025-09-05;EMAIL;SIN_RESPUESTA;Cristian Bravo Aguilera
GES-000110;DOC-2025-03364;2025-09-07;EMAIL;COMPROMISO_PAGO;Cristian Bravo Aguilera
GES-000226;DOC-2025-04040;2025-09-07;CARTA_CERTIFICADA;INCOBRABLE_DECLARADO;Paula Zambrano Leiva
GES-000236;DOC-2025-02510;2025-09-07;LLAMADA;SIN_RESPUESTA;Nataly Poblete Ruiz
GES-000813;DOC-2025-04115;2025-09-07;LLAMADA;DISPUTA;Paula Zambrano Leiva
GES-000824;DOC-2025-03358;2025-09-07;PREJUDICIAL;SIN_RESPUESTA;Paula Zambrano Leiva
GES-000176;DOC-2025-03549;2025-09-08;PREJUDICIAL;COMPROMISO_PAGO;Ximena Toro Pacheco
GES-000353;DOC-2025-02270;2025-09-08;LLAMADA;DISPUTA;Ximena Toro Pacheco
GES-000624;DOC-2025-03243;2025-09-08;EMAIL;COMPROMISO_PAGO;Nataly Poblete Ruiz
GES-000861;DOC-2025-04100;2025-09-09;EMAIL;SIN_RESPUESTA;Paula Zambrano Leiva
GES-000901;DOC-2025-03271;2025-09-09;CARTA_CERTIFICADA;SIN_RESPUESTA;Hector Manriquez Salas
GES-000233;DOC-2025-03101;2025-09-10;EMAIL;SIN_RESPUESTA;Ximena Toro Pacheco
GES-000425;DOC-2025-02820;2025-09-10;EMAIL;PAGO_PARCIAL;Ximena Toro Pacheco
GES-000534;DOC-2025-03913;2025-09-10;EMAIL;SIN_RESPUESTA;Ximena Toro Pacheco
GES-000884;DOC-2025-02991;2025-09-10;CARTA_CERTIFICADA;SIN_RESPUESTA;Ximena Toro Pacheco
GES-000709;DOC-2025-02643;2025-09-11;LLAMADA;INCOBRABLE_DECLARADO;Cristian Bravo Aguilera
GES-000312;DOC-2025-02780;2025-09-12;LLAMADA;DISPUTA;Ximena Toro Pacheco
GES-000788;DOC-2025-02998;2025-09-12;LLAMADA;SIN_RESPUESTA;Cristian Bravo Aguilera
GES-000037;DOC-2025-02947;2025-09-13;LLAMADA;PAGO_PARCIAL;Ximena Toro Pacheco
GES-000207;DOC-2025-03560;2025-09-13;CARTA_CERTIFICADA;COMPROMISO_PAGO;Ximena Toro Pacheco
GES-000345;DOC-2025-04311;2025-09-13;EMAIL;SIN_RESPUESTA;Nataly Poblete Ruiz
GES-000493;DOC-2025-02943;2025-09-13;LLAMADA;PAGO_PARCIAL;Nataly Poblete Ruiz
GES-001024;DOC-2024-00873;2025-09-13;PREJUDICIAL;PAGO_PARCIAL;Ximena Toro Pacheco
GES-000031;DOC-2025-03029;2025-09-14;EMAIL;INCOBRABLE_DECLARADO;Cristian Bravo Aguilera
GES-000139;DOC-2025-03163;2025-09-14;LLAMADA;COMPROMISO_PAGO;Nataly Poblete Ruiz
GES-000161;DOC-2025-03577;2025-09-14;LLAMADA;SIN_RESPUESTA;Ximena Toro Pacheco
GES-000385;DOC-2025-02254;2025-09-14;VISITA;SIN_RESPUESTA;Ximena Toro Pacheco
GES-000422;DOC-2025-02376;2025-09-14;EMAIL;SIN_RESPUESTA;Cristian Bravo Aguilera
GES-000021;DOC-2025-03300;2025-09-15;LLAMADA;SIN_RESPUESTA;Hector Manriquez Salas
GES-000532;DOC-2025-03512;2025-09-15;EMAIL;COMPROMISO_PAGO;Hector Manriquez Salas
GES-000674;DOC-2025-03835;2025-09-15;LLAMADA;COMPROMISO_PAGO;Cristian Bravo Aguilera
GES-000217;DOC-2025-03573;2025-09-16;EMAIL;SIN_RESPUESTA;Paula Zambrano Leiva
GES-000327;DOC-2025-02726;2025-09-16;LLAMADA;SIN_RESPUESTA;Paula Zambrano Leiva
GES-000447;DOC-2025-02919;2025-09-16;EMAIL;SIN_RESPUESTA;Cristian Bravo Aguilera
GES-000063;DOC-2025-02738;2025-09-17;EMAIL;SIN_RESPUESTA;Hector Manriquez Salas
GES-000724;DOC-2025-02665;2025-09-17;LLAMADA;INCOBRABLE_DECLARADO;Hector Manriquez Salas
GES-000945;DOC-2025-02913;2025-09-17;EMAIL;SIN_RESPUESTA;Cristian Bravo Aguilera
GES-000302;DOC-2025-03895;2025-09-18;CARTA_CERTIFICADA;PAGO_PARCIAL;Ximena Toro Pacheco
GES-000876;DOC-2025-04044;2025-09-19;LLAMADA;DISPUTA;Hector Manriquez Salas
GES-000136;DOC-2025-02871;2025-09-20;LLAMADA;SIN_RESPUESTA;Paula Zambrano Leiva
GES-000428;DOC-2025-02953;2025-09-20;EMAIL;COMPROMISO_PAGO;Hector Manriquez Salas
GES-000714;DOC-2025-02229;2025-09-20;LLAMADA;PAGO_PARCIAL;Nataly Poblete Ruiz
GES-000753;DOC-2024-00156;2025-09-20;EMAIL;COMPROMISO_PAGO;Nataly Poblete Ruiz
GES-000390;DOC-2025-02584;2025-09-21;EMAIL;SIN_RESPUESTA;Paula Zambrano Leiva
GES-000690;DOC-2025-02821;2025-09-21;LLAMADA;SIN_RESPUESTA;Cristian Bravo Aguilera
GES-000761;DOC-2025-02713;2025-09-21;PREJUDICIAL;PAGO_PARCIAL;Ximena Toro Pacheco
GES-001031;DOC-2025-02762;2025-09-21;CARTA_CERTIFICADA;INCOBRABLE_DECLARADO;Cristian Bravo Aguilera
GES-000006;DOC-2025-04352;2025-09-22;LLAMADA;SIN_RESPUESTA;Paula Zambrano Leiva
GES-000440;DOC-2025-02491;2025-09-22;EMAIL;PAGO_PARCIAL;Ximena Toro Pacheco
GES-000642;DOC-2025-02602;2025-09-22;LLAMADA;SIN_RESPUESTA;Paula Zambrano Leiva
GES-000791;DOC-2025-03188;2025-09-22;LLAMADA;COMPROMISO_PAGO;Cristian Bravo Aguilera
GES-000445;DOC-2025-03583;2025-09-23;LLAMADA;SIN_RESPUESTA;Cristian Bravo Aguilera
GES-000483;DOC-2025-03806;2025-09-23;VISITA;PAGO_PARCIAL;Nataly Poblete Ruiz
GES-000683;DOC-2025-03052;2025-09-23;CARTA_CERTIFICADA;PAGO_PARCIAL;Cristian Bravo Aguilera
GES-000469;DOC-2025-02994;2025-09-24;EMAIL;SIN_RESPUESTA;Paula Zambrano Leiva
GES-000501;DOC-2025-04230;2025-09-24;PREJUDICIAL;COMPROMISO_PAGO;Nataly Poblete Ruiz
GES-000855;DOC-2025-03568;2025-09-24;EMAIL;COMPROMISO_PAGO;Cristian Bravo Aguilera
GES-000991;DOC-2025-02915;2025-09-24;LLAMADA;COMPROMISO_PAGO;Cristian Bravo Aguilera
GES-000148;DOC-2024-00688;2025-09-25;DEMANDA_JUDICIAL;INCOBRABLE_DECLARADO;Ximena Toro Pacheco
GES-000184;DOC-2025-02693;2025-09-25;EMAIL;PAGO_PARCIAL;Cristian Bravo Aguilera
GES-000081;DOC-2025-03249;2025-09-26;EMAIL;SIN_RESPUESTA;Hector Manriquez Salas
GES-000640;DOC-2025-02825;2025-09-26;LLAMADA;PAGO_PARCIAL;Hector Manriquez Salas
GES-000718;DOC-2025-03007;2025-09-26;VISITA;INCOBRABLE_DECLARADO;Ximena Toro Pacheco
GES-000485;DOC-2025-03914;2025-09-27;EMAIL;PAGO_PARCIAL;Ximena Toro Pacheco
GES-000610;DOC-2024-00279;2025-09-27;PREJUDICIAL;COMPROMISO_PAGO;Paula Zambrano Leiva
GES-000231;DOC-2025-04080;2025-09-28;PREJUDICIAL;SIN_RESPUESTA;Hector Manriquez Salas
GES-000511;DOC-2025-03384;2025-09-29;EMAIL;COMPROMISO_PAGO;Ximena Toro Pacheco
GES-000848;DOC-2025-03096;2025-09-29;EMAIL;COMPROMISO_PAGO;Paula Zambrano Leiva
GES-000336;DOC-2025-02874;2025-09-30;PREJUDICIAL;PAGO_PARCIAL;Cristian Bravo Aguilera
GES-000092;DOC-2025-03028;2025-10-01;LLAMADA;PAGO_PARCIAL;Hector Manriquez Salas
GES-000331;DOC-2025-03845;2025-10-01;LLAMADA;COMPROMISO_PAGO;Paula Zambrano Leiva
GES-000466;DOC-2025-04141;2025-10-01;LLAMADA;SIN_RESPUESTA;Hector Manriquez Salas
GES-000763;DOC-2025-02663;2025-10-01;EMAIL;COMPROMISO_PAGO;Ximena Toro Pacheco
GES-000943;DOC-2025-03112;2025-10-02;CARTA_CERTIFICADA;PAGO_PARCIAL;Cristian Bravo Aguilera
GES-000101;DOC-2025-02719;2025-10-03;CARTA_CERTIFICADA;COMPROMISO_PAGO;Paula Zambrano Leiva
GES-000234;DOC-2025-03101;2025-10-03;VISITA;COMPROMISO_PAGO;Ximena Toro Pacheco
GES-000846;DOC-2025-04157;2025-10-03;LLAMADA;COMPROMISO_PAGO;Ximena Toro Pacheco
GES-000049;DOC-2025-04039;2025-10-04;LLAMADA;SIN_RESPUESTA;Ximena Toro Pacheco
GES-000025;DOC-2025-03792;2025-10-05;EMAIL;SIN_RESPUESTA;Paula Zambrano Leiva
GES-000325;DOC-2025-04034;2025-10-05;EMAIL;SIN_RESPUESTA;Nataly Poblete Ruiz
GES-000386;DOC-2025-02254;2025-10-05;EMAIL;SIN_RESPUESTA;Ximena Toro Pacheco
GES-000400;DOC-2025-02514;2025-10-05;LLAMADA;PAGO_PARCIAL;Ximena Toro Pacheco
GES-000932;DOC-2025-03645;2025-10-05;CARTA_CERTIFICADA;SIN_RESPUESTA;Paula Zambrano Leiva
GES-000812;DOC-2025-02757;2025-10-06;DEMANDA_JUDICIAL;SIN_RESPUESTA;Cristian Bravo Aguilera
GES-000922;DOC-2024-00151;2025-10-06;CARTA_CERTIFICADA;COMPROMISO_PAGO;Ximena Toro Pacheco
GES-000065;DOC-2025-03474;2025-10-07;LLAMADA;COMPROMISO_PAGO;Ximena Toro Pacheco
GES-000252;DOC-2025-04032;2025-10-07;EMAIL;SIN_RESPUESTA;Paula Zambrano Leiva
GES-000844;DOC-2025-02433;2025-10-07;EMAIL;SIN_RESPUESTA;Hector Manriquez Salas
GES-000909;DOC-2024-00314;2025-10-07;PREJUDICIAL;INCOBRABLE_DECLARADO;Ximena Toro Pacheco
GES-000043;DOC-2025-02303;2025-10-08;EMAIL;COMPROMISO_PAGO;Ximena Toro Pacheco
GES-000115;DOC-2025-03606;2025-10-08;EMAIL;DISPUTA;Cristian Bravo Aguilera
GES-000368;DOC-2025-02631;2025-10-08;LLAMADA;SIN_RESPUESTA;Paula Zambrano Leiva
GES-000993;DOC-2025-02678;2025-10-09;EMAIL;COMPROMISO_PAGO;Ximena Toro Pacheco
GES-000039;DOC-2025-03599;2025-10-11;LLAMADA;COMPROMISO_PAGO;Paula Zambrano Leiva
GES-000668;DOC-2025-03059;2025-10-11;LLAMADA;INCOBRABLE_DECLARADO;Cristian Bravo Aguilera
GES-000830;DOC-2025-03702;2025-10-11;LLAMADA;DISPUTA;Nataly Poblete Ruiz
GES-000295;DOC-2025-02652;2025-10-12;CARTA_CERTIFICADA;SIN_RESPUESTA;Cristian Bravo Aguilera
GES-000298;DOC-2025-03061;2025-10-12;EMAIL;PAGO_PARCIAL;Ximena Toro Pacheco
GES-000222;DOC-2025-02751;2025-10-13;CARTA_CERTIFICADA;SIN_RESPUESTA;Paula Zambrano Leiva
GES-000242;DOC-2025-03621;2025-10-13;EMAIL;COMPROMISO_PAGO;Paula Zambrano Leiva
GES-000681;DOC-2025-02387;2025-10-13;EMAIL;COMPROMISO_PAGO;Ximena Toro Pacheco
GES-000421;DOC-2024-00929;2025-10-14;DEMANDA_JUDICIAL;INCOBRABLE_DECLARADO;Paula Zambrano Leiva
GES-000558;DOC-2025-03956;2025-10-14;EMAIL;COMPROMISO_PAGO;Cristian Bravo Aguilera
GES-000869;DOC-2025-03068;2025-10-14;CARTA_CERTIFICADA;SIN_RESPUESTA;Ximena Toro Pacheco
GES-001019;DOC-2025-03099;2025-10-14;CARTA_CERTIFICADA;SIN_RESPUESTA;Hector Manriquez Salas
GES-000162;DOC-2025-03577;2025-10-15;CARTA_CERTIFICADA;SIN_RESPUESTA;Ximena Toro Pacheco
GES-000215;DOC-2025-03155;2025-10-15;LLAMADA;SIN_RESPUESTA;Hector Manriquez Salas
GES-001002;DOC-2025-02457;2025-10-16;CARTA_CERTIFICADA;COMPROMISO_PAGO;Ximena Toro Pacheco
GES-000574;DOC-2025-03414;2025-10-17;LLAMADA;SIN_RESPUESTA;Paula Zambrano Leiva
GES-000730;DOC-2025-02555;2025-10-17;CARTA_CERTIFICADA;COMPROMISO_PAGO;Nataly Poblete Ruiz
GES-000026;DOC-2025-04142;2025-10-18;EMAIL;COMPROMISO_PAGO;Nataly Poblete Ruiz
GES-000218;DOC-2025-03573;2025-10-18;LLAMADA;SIN_RESPUESTA;Paula Zambrano Leiva
GES-000393;DOC-2025-02867;2025-10-18;LLAMADA;SIN_RESPUESTA;Paula Zambrano Leiva
GES-000777;DOC-2025-03181;2025-10-18;EMAIL;SIN_RESPUESTA;Cristian Bravo Aguilera
GES-000858;DOC-2025-03424;2025-10-18;LLAMADA;SIN_RESPUESTA;Ximena Toro Pacheco
GES-000486;DOC-2025-03914;2025-10-19;CARTA_CERTIFICADA;SIN_RESPUESTA;Ximena Toro Pacheco
GES-000850;DOC-2025-03456;2025-10-19;EMAIL;INCOBRABLE_DECLARADO;Cristian Bravo Aguilera
GES-000005;DOC-2025-03167;2025-10-20;CARTA_CERTIFICADA;DISPUTA;Hector Manriquez Salas
GES-000552;DOC-2025-03423;2025-10-20;CARTA_CERTIFICADA;SIN_RESPUESTA;Cristian Bravo Aguilera
GES-000899;DOC-2025-03378;2025-10-20;DEMANDA_JUDICIAL;DISPUTA;Cristian Bravo Aguilera
GES-000902;DOC-2025-02550;2025-10-20;LLAMADA;COMPROMISO_PAGO;Cristian Bravo Aguilera
GES-000954;DOC-2025-04357;2025-10-20;CARTA_CERTIFICADA;INCOBRABLE_DECLARADO;Hector Manriquez Salas
GES-000264;DOC-2025-03036;2025-10-21;LLAMADA;SIN_RESPUESTA;Paula Zambrano Leiva
GES-000556;DOC-2025-03114;2025-10-21;EMAIL;COMPROMISO_PAGO;Cristian Bravo Aguilera
GES-000643;DOC-2025-02602;2025-10-21;EMAIL;DISPUTA;Paula Zambrano Leiva
GES-000029;DOC-2025-03714;2025-10-22;CARTA_CERTIFICADA;SIN_RESPUESTA;Nataly Poblete Ruiz
GES-000034;DOC-2025-03090;2025-10-22;LLAMADA;SIN_RESPUESTA;Ximena Toro Pacheco
GES-000159;DOC-2025-02171;2025-10-22;PREJUDICIAL;PAGO_PARCIAL;Hector Manriquez Salas
GES-000567;DOC-2025-02029;2025-10-22;CARTA_CERTIFICADA;COMPROMISO_PAGO;Hector Manriquez Salas
GES-000885;DOC-2025-02715;2025-10-22;EMAIL;COMPROMISO_PAGO;Ximena Toro Pacheco
GES-000355;DOC-2025-03385;2025-10-23;EMAIL;SIN_RESPUESTA;Ximena Toro Pacheco
GES-000154;DOC-2025-03443;2025-10-24;LLAMADA;DISPUTA;Cristian Bravo Aguilera
GES-000621;DOC-2025-04022;2025-10-24;CARTA_CERTIFICADA;INCOBRABLE_DECLARADO;Hector Manriquez Salas
GES-000080;DOC-2025-02201;2025-10-25;EMAIL;COMPROMISO_PAGO;Ximena Toro Pacheco
GES-000089;DOC-2025-04350;2025-10-25;LLAMADA;COMPROMISO_PAGO;Hector Manriquez Salas
GES-000124;DOC-2025-03791;2025-10-25;LLAMADA;COMPROMISO_PAGO;Nataly Poblete Ruiz
GES-000691;DOC-2025-02821;2025-10-25;EMAIL;PAGO_PARCIAL;Cristian Bravo Aguilera
GES-000692;DOC-2025-02110;2025-10-25;EMAIL;DISPUTA;Cristian Bravo Aguilera
GES-000103;DOC-2025-04349;2025-10-26;LLAMADA;PAGO_PARCIAL;Ximena Toro Pacheco
GES-000105;DOC-2025-04338;2025-10-26;EMAIL;INCOBRABLE_DECLARADO;Paula Zambrano Leiva
GES-000023;DOC-2025-03669;2025-10-27;EMAIL;INCOBRABLE_DECLARADO;Cristian Bravo Aguilera
GES-000087;DOC-2025-03483;2025-10-27;CARTA_CERTIFICADA;INCOBRABLE_DECLARADO;Ximena Toro Pacheco
GES-000705;DOC-2025-03861;2025-10-27;EMAIL;INCOBRABLE_DECLARADO;Ximena Toro Pacheco
GES-000808;DOC-2025-03274;2025-10-27;EMAIL;SIN_RESPUESTA;Hector Manriquez Salas
GES-000002;DOC-2025-03017;2025-10-28;CARTA_CERTIFICADA;COMPROMISO_PAGO;Cristian Bravo Aguilera
GES-000693;DOC-2025-02856;2025-10-28;LLAMADA;COMPROMISO_PAGO;Ximena Toro Pacheco
GES-000814;DOC-2025-04115;2025-10-28;LLAMADA;COMPROMISO_PAGO;Paula Zambrano Leiva
GES-000849;DOC-2025-03096;2025-10-28;CARTA_CERTIFICADA;DISPUTA;Paula Zambrano Leiva
GES-000356;DOC-2025-02603;2025-10-29;LLAMADA;PAGO_PARCIAL;Cristian Bravo Aguilera
GES-000367;DOC-2025-02876;2025-10-29;EMAIL;SIN_RESPUESTA;Hector Manriquez Salas
GES-000758;DOC-2025-03291;2025-10-29;EMAIL;SIN_RESPUESTA;Ximena Toro Pacheco
GES-000012;DOC-2025-03184;2025-10-30;CARTA_CERTIFICADA;COMPROMISO_PAGO;Cristian Bravo Aguilera
GES-000096;DOC-2025-03713;2025-10-30;EMAIL;PAGO_PARCIAL;Hector Manriquez Salas
GES-000140;DOC-2025-03163;2025-10-30;CARTA_CERTIFICADA;COMPROMISO_PAGO;Nataly Poblete Ruiz
GES-000097;DOC-2025-03037;2025-10-31;LLAMADA;SIN_RESPUESTA;Cristian Bravo Aguilera
GES-000271;DOC-2025-04047;2025-10-31;LLAMADA;PAGO_PARCIAL;Cristian Bravo Aguilera
GES-000747;DOC-2025-03174;2025-10-31;LLAMADA;COMPROMISO_PAGO;Ximena Toro Pacheco
GES-000796;DOC-2025-02978;2025-10-31;VISITA;SIN_RESPUESTA;Hector Manriquez Salas
GES-000257;DOC-2025-03546;2025-11-01;LLAMADA;SIN_RESPUESTA;Hector Manriquez Salas
GES-000064;DOC-2025-02738;2025-11-02;LLAMADA;SIN_RESPUESTA;Hector Manriquez Salas
GES-000084;DOC-2025-02633;2025-11-02;LLAMADA;DISPUTA;Ximena Toro Pacheco
GES-000091;DOC-2025-03776;2025-11-02;EMAIL;COMPROMISO_PAGO;Hector Manriquez Salas
GES-000108;DOC-2025-02963;2025-11-02;EMAIL;SIN_RESPUESTA;Ximena Toro Pacheco
GES-000256;DOC-2025-02287;2025-11-02;LLAMADA;SIN_RESPUESTA;Ximena Toro Pacheco
GES-000525;DOC-2025-02515;2025-11-02;EMAIL;SIN_RESPUESTA;Nataly Poblete Ruiz
GES-000641;DOC-2025-02825;2025-11-02;LLAMADA;SIN_RESPUESTA;Hector Manriquez Salas
GES-000647;DOC-2025-02654;2025-11-02;EMAIL;COMPROMISO_PAGO;Ximena Toro Pacheco
GES-000746;DOC-2025-03503;2025-11-03;LLAMADA;INCOBRABLE_DECLARADO;Cristian Bravo Aguilera
GES-000890;DOC-2025-02890;2025-11-03;CARTA_CERTIFICADA;SIN_RESPUESTA;Ximena Toro Pacheco
GES-000054;DOC-2025-02972;2025-11-04;CARTA_CERTIFICADA;PAGO_PARCIAL;Paula Zambrano Leiva
GES-000303;DOC-2025-03895;2025-11-04;PREJUDICIAL;INCOBRABLE_DECLARADO;Ximena Toro Pacheco
GES-000315;DOC-2025-02352;2025-11-04;EMAIL;SIN_RESPUESTA;Cristian Bravo Aguilera
GES-000448;DOC-2025-02919;2025-11-04;EMAIL;SIN_RESPUESTA;Cristian Bravo Aguilera
GES-000595;DOC-2025-02481;2025-11-04;LLAMADA;SIN_RESPUESTA;Cristian Bravo Aguilera
GES-000952;DOC-2025-03684;2025-11-04;EMAIL;PAGO_PARCIAL;Hector Manriquez Salas
GES-000094;DOC-2025-03379;2025-11-05;EMAIL;PAGO_PARCIAL;Nataly Poblete Ruiz
GES-000723;DOC-2025-02112;2025-11-05;LLAMADA;COMPROMISO_PAGO;Ximena Toro Pacheco
GES-000859;DOC-2025-03459;2025-11-05;EMAIL;SIN_RESPUESTA;Paula Zambrano Leiva
GES-001032;DOC-2025-02762;2025-11-05;DEMANDA_JUDICIAL;SIN_RESPUESTA;Cristian Bravo Aguilera
GES-000203;DOC-2025-02452;2025-11-06;LLAMADA;COMPROMISO_PAGO;Cristian Bravo Aguilera
GES-000182;DOC-2025-02805;2025-11-07;EMAIL;SIN_RESPUESTA;Cristian Bravo Aguilera
GES-000213;DOC-2025-02888;2025-11-07;LLAMADA;DISPUTA;Paula Zambrano Leiva
GES-000856;DOC-2025-03568;2025-11-07;CARTA_CERTIFICADA;SIN_RESPUESTA;Cristian Bravo Aguilera
GES-000894;DOC-2025-02507;2025-11-07;EMAIL;PAGO_PARCIAL;Ximena Toro Pacheco
GES-000185;DOC-2025-02693;2025-11-08;CARTA_CERTIFICADA;SIN_RESPUESTA;Cristian Bravo Aguilera
GES-000332;DOC-2025-03845;2025-11-08;PREJUDICIAL;SIN_RESPUESTA;Paula Zambrano Leiva
GES-000389;DOC-2025-03304;2025-11-08;LLAMADA;DISPUTA;Paula Zambrano Leiva
GES-000403;DOC-2025-02553;2025-11-08;EMAIL;SIN_RESPUESTA;Ximena Toro Pacheco
GES-000437;DOC-2025-02882;2025-11-09;EMAIL;COMPROMISO_PAGO;Cristian Bravo Aguilera
GES-000967;DOC-2025-02605;2025-11-09;CARTA_CERTIFICADA;SIN_RESPUESTA;Paula Zambrano Leiva
GES-000059;DOC-2025-03611;2025-11-10;EMAIL;COMPROMISO_PAGO;Paula Zambrano Leiva
GES-000240;DOC-2025-02154;2025-11-10;EMAIL;SIN_RESPUESTA;Cristian Bravo Aguilera
GES-000484;DOC-2025-03230;2025-11-10;LLAMADA;COMPROMISO_PAGO;Ximena Toro Pacheco
GES-000117;DOC-2025-03550;2025-11-11;CARTA_CERTIFICADA;INCOBRABLE_DECLARADO;Paula Zambrano Leiva
GES-000120;DOC-2025-02417;2025-11-11;EMAIL;PAGO_PARCIAL;Cristian Bravo Aguilera
GES-000946;DOC-2025-02913;2025-11-11;CARTA_CERTIFICADA;SIN_RESPUESTA;Cristian Bravo Aguilera
GES-000662;DOC-2025-03794;2025-11-12;EMAIL;DISPUTA;Cristian Bravo Aguilera
GES-000845;DOC-2025-02433;2025-11-12;LLAMADA;COMPROMISO_PAGO;Hector Manriquez Salas
GES-001003;DOC-2025-02776;2025-11-12;LLAMADA;SIN_RESPUESTA;Cristian Bravo Aguilera
GES-000038;DOC-2025-02947;2025-11-13;LLAMADA;SIN_RESPUESTA;Ximena Toro Pacheco
GES-000137;DOC-2025-03957;2025-11-13;EMAIL;DISPUTA;Cristian Bravo Aguilera
GES-000299;DOC-2025-03061;2025-11-13;LLAMADA;COMPROMISO_PAGO;Ximena Toro Pacheco
GES-000923;DOC-2024-00151;2025-11-13;PREJUDICIAL;SIN_RESPUESTA;Ximena Toro Pacheco
GES-000083;DOC-2025-03118;2025-11-14;LLAMADA;DISPUTA;Cristian Bravo Aguilera
GES-000187;DOC-2025-04344;2025-11-14;EMAIL;SIN_RESPUESTA;Nataly Poblete Ruiz
GES-000446;DOC-2025-03583;2025-11-14;VISITA;COMPROMISO_PAGO;Cristian Bravo Aguilera
GES-000346;DOC-2025-04311;2025-11-15;CARTA_CERTIFICADA;SIN_RESPUESTA;Nataly Poblete Ruiz
GES-000533;DOC-2025-03512;2025-11-15;CARTA_CERTIFICADA;SIN_RESPUESTA;Hector Manriquez Salas
GES-000886;DOC-2025-02715;2025-11-15;LLAMADA;DISPUTA;Ximena Toro Pacheco
GES-000016;DOC-2025-03730;2025-11-16;EMAIL;COMPROMISO_PAGO;Paula Zambrano Leiva
GES-000391;DOC-2025-02584;2025-11-16;CARTA_CERTIFICADA;SIN_RESPUESTA;Paula Zambrano Leiva
GES-000704;DOC-2025-02918;2025-11-16;LLAMADA;SIN_RESPUESTA;Nataly Poblete Ruiz
GES-000429;DOC-2025-02953;2025-11-17;LLAMADA;COMPROMISO_PAGO;Hector Manriquez Salas
GES-000742;DOC-2025-03224;2025-11-17;PREJUDICIAL;PAGO_PARCIAL;Cristian Bravo Aguilera
GES-000071;DOC-2025-04339;2025-11-18;LLAMADA;SIN_RESPUESTA;Nataly Poblete Ruiz
GES-000480;DOC-2025-02841;2025-11-18;EMAIL;COMPROMISO_PAGO;Ximena Toro Pacheco
GES-000773;DOC-2025-03718;2025-11-18;EMAIL;PAGO_PARCIAL;Paula Zambrano Leiva
GES-000780;DOC-2025-02954;2025-11-18;EMAIL;COMPROMISO_PAGO;Cristian Bravo Aguilera
GES-000077;DOC-2025-02670;2025-11-19;LLAMADA;DISPUTA;Paula Zambrano Leiva
GES-000387;DOC-2025-02610;2025-11-19;LLAMADA;DISPUTA;Ximena Toro Pacheco
GES-000576;DOC-2025-04090;2025-11-19;EMAIL;SIN_RESPUESTA;Ximena Toro Pacheco
GES-000090;DOC-2025-04350;2025-11-20;EMAIL;SIN_RESPUESTA;Hector Manriquez Salas
GES-000098;DOC-2025-03630;2025-11-20;LLAMADA;SIN_RESPUESTA;Ximena Toro Pacheco
GES-000107;DOC-2025-03490;2025-11-20;EMAIL;INCOBRABLE_DECLARADO;Ximena Toro Pacheco
GES-000809;DOC-2025-02568;2025-11-20;EMAIL;SIN_RESPUESTA;Cristian Bravo Aguilera
GES-000992;DOC-2025-02915;2025-11-20;LLAMADA;COMPROMISO_PAGO;Cristian Bravo Aguilera
GES-000432;DOC-2025-03200;2025-11-21;EMAIL;SIN_RESPUESTA;Ximena Toro Pacheco
GES-000019;DOC-2025-02527;2025-11-22;EMAIL;SIN_RESPUESTA;Paula Zambrano Leiva
GES-000354;DOC-2025-03717;2025-11-22;LLAMADA;INCOBRABLE_DECLARADO;Nataly Poblete Ruiz
GES-000494;DOC-2025-02943;2025-11-22;CARTA_CERTIFICADA;COMPROMISO_PAGO;Nataly Poblete Ruiz
GES-000679;DOC-2025-02863;2025-11-22;EMAIL;DISPUTA;Ximena Toro Pacheco
GES-000948;DOC-2025-03502;2025-11-22;EMAIL;PAGO_PARCIAL;Paula Zambrano Leiva
GES-000441;DOC-2025-02491;2025-11-23;CARTA_CERTIFICADA;SIN_RESPUESTA;Ximena Toro Pacheco
GES-000464;DOC-2025-04009;2025-11-23;LLAMADA;SIN_RESPUESTA;Hector Manriquez Salas
GES-001029;DOC-2025-04093;2025-11-23;PREJUDICIAL;SIN_RESPUESTA;Paula Zambrano Leiva
GES-000052;DOC-2025-02362;2025-11-24;LLAMADA;INCOBRABLE_DECLARADO;Cristian Bravo Aguilera
GES-000112;DOC-2025-02103;2025-11-24;EMAIL;SIN_RESPUESTA;Cristian Bravo Aguilera
GES-000374;DOC-2025-02982;2025-11-24;LLAMADA;DISPUTA;Ximena Toro Pacheco
GES-000585;DOC-2025-03682;2025-11-24;LLAMADA;PAGO_PARCIAL;Cristian Bravo Aguilera
GES-000622;DOC-2025-04022;2025-11-24;DEMANDA_JUDICIAL;SIN_RESPUESTA;Hector Manriquez Salas
GES-000817;DOC-2025-04019;2025-11-24;CARTA_CERTIFICADA;COMPROMISO_PAGO;Cristian Bravo Aguilera
GES-000958;DOC-2025-02777;2025-11-24;EMAIL;COMPROMISO_PAGO;Paula Zambrano Leiva
GES-000994;DOC-2025-02678;2025-11-24;CARTA_CERTIFICADA;SIN_RESPUESTA;Ximena Toro Pacheco
GES-000051;DOC-2025-02544;2025-11-25;LLAMADA;SIN_RESPUESTA;Cristian Bravo Aguilera
GES-000373;DOC-2025-02189;2025-11-25;LLAMADA;SIN_RESPUESTA;Hector Manriquez Salas
GES-000467;DOC-2025-04141;2025-11-25;LLAMADA;PAGO_PARCIAL;Hector Manriquez Salas
GES-000048;DOC-2025-03232;2025-11-26;CARTA_CERTIFICADA;SIN_RESPUESTA;Ximena Toro Pacheco
GES-000114;DOC-2025-03256;2025-11-26;LLAMADA;SIN_RESPUESTA;Ximena Toro Pacheco
GES-000358;DOC-2025-04224;2025-11-26;LLAMADA;PAGO_PARCIAL;Ximena Toro Pacheco
GES-000506;DOC-2025-03190;2025-11-26;EMAIL;PAGO_PARCIAL;Ximena Toro Pacheco
GES-000095;DOC-2025-03489;2025-11-27;EMAIL;COMPROMISO_PAGO;Ximena Toro Pacheco
GES-000667;DOC-2025-03312;2025-11-27;EMAIL;DISPUTA;Ximena Toro Pacheco
GES-000933;DOC-2025-03645;2025-11-27;VISITA;SIN_RESPUESTA;Paula Zambrano Leiva
GES-000141;DOC-2025-02177;2025-11-28;LLAMADA;SIN_RESPUESTA;Hector Manriquez Salas
GES-000263;DOC-2025-02618;2025-11-28;EMAIL;SIN_RESPUESTA;Hector Manriquez Salas
GES-000443;DOC-2025-03428;2025-11-28;CARTA_CERTIFICADA;INCOBRABLE_DECLARADO;Cristian Bravo Aguilera
GES-000678;DOC-2025-03978;2025-11-28;PREJUDICIAL;DISPUTA;Hector Manriquez Salas
GES-000013;DOC-2025-03804;2025-11-29;EMAIL;INCOBRABLE_DECLARADO;Hector Manriquez Salas
GES-000022;DOC-2025-03300;2025-11-29;LLAMADA;DISPUTA;Hector Manriquez Salas
GES-000102;DOC-2025-02719;2025-11-29;PREJUDICIAL;PAGO_PARCIAL;Paula Zambrano Leiva
GES-000104;DOC-2025-04349;2025-11-29;EMAIL;COMPROMISO_PAGO;Ximena Toro Pacheco
GES-001000;DOC-2025-03435;2025-11-29;LLAMADA;COMPROMISO_PAGO;Ximena Toro Pacheco
GES-000069;DOC-2025-03393;2025-11-30;LLAMADA;SIN_RESPUESTA;Cristian Bravo Aguilera
GES-000111;DOC-2025-04220;2025-11-30;LLAMADA;PAGO_PARCIAL;Cristian Bravo Aguilera
GES-000181;DOC-2025-03949;2025-12-01;EMAIL;SIN_RESPUESTA;Hector Manriquez Salas
GES-000282;DOC-2025-04007;2025-12-01;LLAMADA;SIN_RESPUESTA;Ximena Toro Pacheco
GES-000454;DOC-2025-02319;2025-12-01;LLAMADA;COMPROMISO_PAGO;Ximena Toro Pacheco
GES-000044;DOC-2025-02303;2025-12-02;LLAMADA;SIN_RESPUESTA;Ximena Toro Pacheco
GES-000050;DOC-2025-04039;2025-12-02;EMAIL;SIN_RESPUESTA;Ximena Toro Pacheco
GES-000142;DOC-2025-03709;2025-12-02;LLAMADA;SIN_RESPUESTA;Paula Zambrano Leiva
GES-000947;DOC-2025-02913;2025-12-02;CARTA_CERTIFICADA;SIN_RESPUESTA;Cristian Bravo Aguilera
GES-000024;DOC-2025-03669;2025-12-03;CARTA_CERTIFICADA;INCOBRABLE_DECLARADO;Cristian Bravo Aguilera
GES-000030;DOC-2025-03714;2025-12-03;DEMANDA_JUDICIAL;DISPUTA;Nataly Poblete Ruiz
GES-000058;DOC-2025-03111;2025-12-03;LLAMADA;COMPROMISO_PAGO;Cristian Bravo Aguilera
GES-000074;DOC-2025-03864;2025-12-03;EMAIL;SIN_RESPUESTA;Cristian Bravo Aguilera
GES-000082;DOC-2025-03249;2025-12-03;CARTA_CERTIFICADA;PAGO_PARCIAL;Hector Manriquez Salas
GES-000093;DOC-2025-03028;2025-12-03;CARTA_CERTIFICADA;SIN_RESPUESTA;Hector Manriquez Salas
GES-000243;DOC-2025-03621;2025-12-03;CARTA_CERTIFICADA;DISPUTA;Paula Zambrano Leiva
GES-000557;DOC-2025-03114;2025-12-03;VISITA;PAGO_PARCIAL;Cristian Bravo Aguilera
GES-000055;DOC-2025-02972;2025-12-04;LLAMADA;COMPROMISO_PAGO;Paula Zambrano Leiva
GES-000085;DOC-2025-03886;2025-12-04;LLAMADA;INCOBRABLE_DECLARADO;Paula Zambrano Leiva
GES-000504;DOC-2025-03195;2025-12-04;LLAMADA;COMPROMISO_PAGO;Ximena Toro Pacheco
GES-000888;DOC-2025-02921;2025-12-04;LLAMADA;SIN_RESPUESTA;Cristian Bravo Aguilera
GES-000015;DOC-2025-02100;2025-12-05;LLAMADA;DISPUTA;Cristian Bravo Aguilera
GES-000068;DOC-2025-04134;2025-12-05;LLAMADA;COMPROMISO_PAGO;Hector Manriquez Salas
GES-000075;DOC-2025-02952;2025-12-05;EMAIL;PAGO_PARCIAL;Paula Zambrano Leiva
GES-000188;DOC-2025-04344;2025-12-05;CARTA_CERTIFICADA;DISPUTA;Nataly Poblete Ruiz
GES-000216;DOC-2025-03691;2025-12-05;LLAMADA;DISPUTA;Ximena Toro Pacheco
GES-000220;DOC-2025-03334;2025-12-05;EMAIL;SIN_RESPUESTA;Cristian Bravo Aguilera
GES-000664;DOC-2025-04200;2025-12-05;EMAIL;PAGO_PARCIAL;Hector Manriquez Salas
GES-000766;DOC-2025-02854;2025-12-05;PREJUDICIAL;COMPROMISO_PAGO;Paula Zambrano Leiva
GES-000014;DOC-2025-03655;2025-12-06;LLAMADA;SIN_RESPUESTA;Nataly Poblete Ruiz
GES-000198;DOC-2025-03698;2025-12-06;EMAIL;SIN_RESPUESTA;Hector Manriquez Salas
GES-000568;DOC-2025-03635;2025-12-06;EMAIL;SIN_RESPUESTA;Paula Zambrano Leiva
GES-000797;DOC-2025-02536;2025-12-06;EMAIL;COMPROMISO_PAGO;Cristian Bravo Aguilera
GES-001004;DOC-2025-02776;2025-12-06;EMAIL;SIN_RESPUESTA;Cristian Bravo Aguilera
GES-000122;DOC-2025-03922;2025-12-07;EMAIL;PAGO_PARCIAL;Cristian Bravo Aguilera
GES-000611;DOC-2024-00279;2025-12-07;PREJUDICIAL;PAGO_PARCIAL;Paula Zambrano Leiva
GES-000156;DOC-2025-02518;2025-12-08;LLAMADA;COMPROMISO_PAGO;Ximena Toro Pacheco
GES-000762;DOC-2025-03586;2025-12-08;LLAMADA;SIN_RESPUESTA;Cristian Bravo Aguilera
GES-000949;DOC-2025-02761;2025-12-08;EMAIL;DISPUTA;Paula Zambrano Leiva
GES-000255;DOC-2025-02827;2025-12-09;CARTA_CERTIFICADA;SIN_RESPUESTA;Ximena Toro Pacheco
GES-000438;DOC-2025-02882;2025-12-09;CARTA_CERTIFICADA;SIN_RESPUESTA;Cristian Bravo Aguilera
GES-000575;DOC-2025-03414;2025-12-09;CARTA_CERTIFICADA;SIN_RESPUESTA;Paula Zambrano Leiva
GES-000658;DOC-2025-03277;2025-12-09;PREJUDICIAL;COMPROMISO_PAGO;Ximena Toro Pacheco
GES-000669;DOC-2025-03059;2025-12-09;CARTA_CERTIFICADA;INCOBRABLE_DECLARADO;Cristian Bravo Aguilera
GES-000792;DOC-2025-03188;2025-12-09;CARTA_CERTIFICADA;INCOBRABLE_DECLARADO;Cristian Bravo Aguilera
GES-000009;DOC-2025-03504;2025-12-10;EMAIL;SIN_RESPUESTA;Nataly Poblete Ruiz
GES-000070;DOC-2025-02068;2025-12-10;EMAIL;COMPROMISO_PAGO;Ximena Toro Pacheco
GES-000612;DOC-2025-04052;2025-12-10;LLAMADA;SIN_RESPUESTA;Hector Manriquez Salas
GES-000318;DOC-2025-02730;2025-12-11;LLAMADA;DISPUTA;Ximena Toro Pacheco
GES-000605;DOC-2025-03654;2025-12-11;EMAIL;INCOBRABLE_DECLARADO;Paula Zambrano Leiva
GES-000706;DOC-2025-03440;2025-12-11;EMAIL;COMPROMISO_PAGO;Paula Zambrano Leiva
GES-000725;DOC-2025-02665;2025-12-11;EMAIL;SIN_RESPUESTA;Hector Manriquez Salas
GES-000033;DOC-2025-02893;2025-12-12;LLAMADA;DISPUTA;Paula Zambrano Leiva
GES-000042;DOC-2025-03892;2025-12-12;LLAMADA;PAGO_PARCIAL;Cristian Bravo Aguilera
GES-000066;DOC-2025-03474;2025-12-12;CARTA_CERTIFICADA;INCOBRABLE_DECLARADO;Ximena Toro Pacheco
GES-000155;DOC-2025-03443;2025-12-12;LLAMADA;PAGO_PARCIAL;Cristian Bravo Aguilera
GES-000160;DOC-2025-02171;2025-12-12;LLAMADA;SIN_RESPUESTA;Hector Manriquez Salas
GES-000296;DOC-2025-02652;2025-12-12;DEMANDA_JUDICIAL;SIN_RESPUESTA;Cristian Bravo Aguilera
GES-000748;DOC-2025-02786;2025-12-12;LLAMADA;PAGO_PARCIAL;Cristian Bravo Aguilera
GES-000119;DOC-2025-02976;2025-12-13;LLAMADA;SIN_RESPUESTA;Ximena Toro Pacheco
GES-000123;DOC-2025-02964;2025-12-13;LLAMADA;SIN_RESPUESTA;Cristian Bravo Aguilera
GES-000644;DOC-2025-03260;2025-12-13;EMAIL;COMPROMISO_PAGO;Ximena Toro Pacheco
GES-000731;DOC-2025-02555;2025-12-13;PREJUDICIAL;SIN_RESPUESTA;Nataly Poblete Ruiz
GES-000163;DOC-2025-03577;2025-12-14;VISITA;PAGO_PARCIAL;Ximena Toro Pacheco
GES-000204;DOC-2025-03049;2025-12-14;LLAMADA;COMPROMISO_PAGO;Cristian Bravo Aguilera
GES-000265;DOC-2025-03036;2025-12-14;LLAMADA;DISPUTA;Paula Zambrano Leiva
GES-000426;DOC-2025-02820;2025-12-14;LLAMADA;COMPROMISO_PAGO;Ximena Toro Pacheco
GES-000434;DOC-2025-02211;2025-12-14;LLAMADA;INCOBRABLE_DECLARADO;Hector Manriquez Salas
GES-000728;DOC-2025-03925;2025-12-14;LLAMADA;DISPUTA;Ximena Toro Pacheco
GES-000815;DOC-2025-04115;2025-12-14;PREJUDICIAL;COMPROMISO_PAGO;Paula Zambrano Leiva
GES-000891;DOC-2025-03581;2025-12-14;EMAIL;COMPROMISO_PAGO;Hector Manriquez Salas
GES-000924;DOC-2025-03019;2025-12-14;EMAIL;COMPROMISO_PAGO;Ximena Toro Pacheco
GES-000135;DOC-2025-02548;2025-12-15;LLAMADA;SIN_RESPUESTA;Nataly Poblete Ruiz
GES-000183;DOC-2025-02805;2025-12-15;CARTA_CERTIFICADA;COMPROMISO_PAGO;Cristian Bravo Aguilera
GES-000587;DOC-2025-02066;2025-12-15;CARTA_CERTIFICADA;DISPUTA;Paula Zambrano Leiva
GES-000703;DOC-2025-02924;2025-12-15;LLAMADA;SIN_RESPUESTA;Ximena Toro Pacheco
GES-000300;DOC-2025-03854;2025-12-16;EMAIL;SIN_RESPUESTA;Cristian Bravo Aguilera
GES-000789;DOC-2025-02998;2025-12-16;LLAMADA;SIN_RESPUESTA;Cristian Bravo Aguilera
GES-000825;DOC-2025-03358;2025-12-16;DEMANDA_JUDICIAL;INCOBRABLE_DECLARADO;Paula Zambrano Leiva
GES-000072;DOC-2025-04339;2025-12-17;EMAIL;COMPROMISO_PAGO;Nataly Poblete Ruiz
GES-000106;DOC-2025-04338;2025-12-17;CARTA_CERTIFICADA;DISPUTA;Paula Zambrano Leiva
GES-000524;DOC-2025-03593;2025-12-17;PREJUDICIAL;SIN_RESPUESTA;Ximena Toro Pacheco
GES-000559;DOC-2025-03956;2025-12-17;CARTA_CERTIFICADA;INCOBRABLE_DECLARADO;Cristian Bravo Aguilera
GES-000125;DOC-2025-04004;2025-12-18;EMAIL;DISPUTA;Cristian Bravo Aguilera
GES-000197;DOC-2025-02026;2025-12-18;EMAIL;COMPROMISO_PAGO;Paula Zambrano Leiva
GES-000223;DOC-2025-02751;2025-12-18;LLAMADA;SIN_RESPUESTA;Paula Zambrano Leiva
GES-000304;DOC-2025-03895;2025-12-18;DEMANDA_JUDICIAL;DISPUTA;Ximena Toro Pacheco
GES-000470;DOC-2025-04177;2025-12-18;LLAMADA;PAGO_PARCIAL;Nataly Poblete Ruiz
GES-000561;DOC-2025-03558;2025-12-18;EMAIL;DISPUTA;Cristian Bravo Aguilera
GES-000239;DOC-2025-04204;2025-12-19;EMAIL;DISPUTA;Cristian Bravo Aguilera
GES-000310;DOC-2025-02927;2025-12-19;EMAIL;DISPUTA;Hector Manriquez Salas
GES-000316;DOC-2025-02352;2025-12-19;EMAIL;INCOBRABLE_DECLARADO;Cristian Bravo Aguilera
GES-000017;DOC-2025-02995;2025-12-20;EMAIL;INCOBRABLE_DECLARADO;Cristian Bravo Aguilera
GES-000032;DOC-2025-03029;2025-12-20;CARTA_CERTIFICADA;DISPUTA;Cristian Bravo Aguilera
GES-000046;DOC-2025-04333;2025-12-20;EMAIL;SIN_RESPUESTA;Nataly Poblete Ruiz
GES-000121;DOC-2025-02417;2025-12-20;EMAIL;SIN_RESPUESTA;Cristian Bravo Aguilera
GES-001025;DOC-2024-00873;2025-12-20;DEMANDA_JUDICIAL;SIN_RESPUESTA;Ximena Toro Pacheco
GES-000007;DOC-2025-04352;2025-12-21;LLAMADA;SIN_RESPUESTA;Paula Zambrano Leiva
GES-000505;DOC-2025-03634;2025-12-21;LLAMADA;PAGO_PARCIAL;Paula Zambrano Leiva
GES-000507;DOC-2025-03190;2025-12-21;EMAIL;INCOBRABLE_DECLARADO;Ximena Toro Pacheco
GES-000757;DOC-2025-03931;2025-12-21;DEMANDA_JUDICIAL;SIN_RESPUESTA;Cristian Bravo Aguilera
GES-000113;DOC-2025-02103;2025-12-22;EMAIL;SIN_RESPUESTA;Cristian Bravo Aguilera
GES-000177;DOC-2025-03746;2025-12-22;LLAMADA;PAGO_PARCIAL;Ximena Toro Pacheco
GES-000227;DOC-2025-03626;2025-12-22;LLAMADA;INCOBRABLE_DECLARADO;Paula Zambrano Leiva
GES-000688;DOC-2025-04209;2025-12-22;LLAMADA;SIN_RESPUESTA;Hector Manriquez Salas
GES-000903;DOC-2025-02291;2025-12-22;EMAIL;COMPROMISO_PAGO;Ximena Toro Pacheco
GES-000917;DOC-2025-03801;2025-12-22;LLAMADA;INCOBRABLE_DECLARADO;Ximena Toro Pacheco
GES-000010;DOC-2025-02401;2025-12-23;EMAIL;PAGO_PARCIAL;Nataly Poblete Ruiz
GES-000067;DOC-2025-03531;2025-12-23;EMAIL;COMPROMISO_PAGO;Ximena Toro Pacheco
GES-000088;DOC-2025-02696;2025-12-23;EMAIL;SIN_RESPUESTA;Cristian Bravo Aguilera
GES-000118;DOC-2025-03566;2025-12-23;EMAIL;SIN_RESPUESTA;Paula Zambrano Leiva
GES-000241;DOC-2025-03355;2025-12-23;EMAIL;SIN_RESPUESTA;Cristian Bravo Aguilera
GES-000423;DOC-2025-02376;2025-12-23;LLAMADA;SIN_RESPUESTA;Cristian Bravo Aguilera
GES-000544;DOC-2025-04128;2025-12-23;EMAIL;COMPROMISO_PAGO;Hector Manriquez Salas
GES-000872;DOC-2025-02178;2025-12-23;LLAMADA;DISPUTA;Nataly Poblete Ruiz
GES-000027;DOC-2025-04142;2025-12-24;LLAMADA;DISPUTA;Nataly Poblete Ruiz
GES-000214;DOC-2025-02791;2025-12-24;LLAMADA;COMPROMISO_PAGO;Paula Zambrano Leiva
GES-000219;DOC-2025-03573;2025-12-24;VISITA;SIN_RESPUESTA;Paula Zambrano Leiva
GES-000317;DOC-2025-03346;2025-12-24;EMAIL;SIN_RESPUESTA;Hector Manriquez Salas
GES-000424;DOC-2025-03608;2025-12-24;EMAIL;SIN_RESPUESTA;Nataly Poblete Ruiz
GES-000560;DOC-2025-03415;2025-12-24;LLAMADA;COMPROMISO_PAGO;Paula Zambrano Leiva
GES-000715;DOC-2025-02229;2025-12-24;LLAMADA;SIN_RESPUESTA;Nataly Poblete Ruiz
GES-000435;DOC-2025-02030;2025-12-25;LLAMADA;COMPROMISO_PAGO;Ximena Toro Pacheco
GES-000684;DOC-2025-03052;2025-12-25;PREJUDICIAL;INCOBRABLE_DECLARADO;Cristian Bravo Aguilera
GES-000790;DOC-2025-02807;2025-12-25;EMAIL;COMPROMISO_PAGO;Cristian Bravo Aguilera
GES-000860;DOC-2025-03459;2025-12-25;LLAMADA;COMPROMISO_PAGO;Paula Zambrano Leiva
GES-000862;DOC-2025-04100;2025-12-25;CARTA_CERTIFICADA;DISPUTA;Paula Zambrano Leiva
GES-000863;DOC-2025-02597;2025-12-25;LLAMADA;SIN_RESPUESTA;Cristian Bravo Aguilera
GES-000040;DOC-2025-02580;2025-12-26;EMAIL;SIN_RESPUESTA;Paula Zambrano Leiva
GES-000041;DOC-2025-03903;2025-12-26;EMAIL;PAGO_PARCIAL;Nataly Poblete Ruiz
GES-000061;DOC-2025-03707;2025-12-26;LLAMADA;SIN_RESPUESTA;Cristian Bravo Aguilera
GES-000594;DOC-2025-02848;2025-12-26;LLAMADA;COMPROMISO_PAGO;Ximena Toro Pacheco
GES-000955;DOC-2025-04357;2025-12-26;DEMANDA_JUDICIAL;DISPUTA;Hector Manriquez Salas
GES-000018;DOC-2025-04048;2025-12-27;LLAMADA;COMPROMISO_PAGO;Hector Manriquez Salas
GES-000099;DOC-2025-02823;2025-12-27;EMAIL;PAGO_PARCIAL;Hector Manriquez Salas
GES-000189;DOC-2025-04344;2025-12-27;EMAIL;SIN_RESPUESTA;Nataly Poblete Ruiz
GES-000372;DOC-2025-02292;2025-12-27;EMAIL;PAGO_PARCIAL;Ximena Toro Pacheco
GES-000471;DOC-2025-04196;2025-12-27;LLAMADA;COMPROMISO_PAGO;Nataly Poblete Ruiz
GES-000887;DOC-2025-02036;2025-12-27;LLAMADA;SIN_RESPUESTA;Hector Manriquez Salas
GES-000035;DOC-2025-04192;2025-12-28;LLAMADA;SIN_RESPUESTA;Cristian Bravo Aguilera
GES-000078;DOC-2025-02670;2025-12-28;CARTA_CERTIFICADA;SIN_RESPUESTA;Paula Zambrano Leiva
GES-000433;DOC-2025-03200;2025-12-28;EMAIL;SIN_RESPUESTA;Ximena Toro Pacheco
GES-000736;DOC-2025-03421;2025-12-28;EMAIL;INCOBRABLE_DECLARADO;Nataly Poblete Ruiz
GES-000895;DOC-2025-02507;2025-12-28;LLAMADA;COMPROMISO_PAGO;Ximena Toro Pacheco
GES-000057;DOC-2025-03799;2025-12-29;EMAIL;PAGO_PARCIAL;Cristian Bravo Aguilera
GES-000535;DOC-2025-03913;2025-12-29;EMAIL;SIN_RESPUESTA;Ximena Toro Pacheco
GES-000893;DOC-2025-03046;2025-12-29;LLAMADA;INCOBRABLE_DECLARADO;Cristian Bravo Aguilera
GES-000980;DOC-2025-02834;2025-12-29;LLAMADA;SIN_RESPUESTA;Ximena Toro Pacheco
GES-000347;DOC-2025-04311;2025-12-30;CARTA_CERTIFICADA;SIN_RESPUESTA;Nataly Poblete Ruiz
GES-000451;DOC-2025-03000;2025-12-30;LLAMADA;COMPROMISO_PAGO;Ximena Toro Pacheco
GES-000531;DOC-2025-02795;2025-12-30;EMAIL;PAGO_PARCIAL;Hector Manriquez Salas
GES-000573;DOC-2025-03165;2025-12-30;EMAIL;SIN_RESPUESTA;Nataly Poblete Ruiz
GES-000675;DOC-2025-03835;2025-12-30;LLAMADA;SIN_RESPUESTA;Cristian Bravo Aguilera
GES-000713;DOC-2025-03721;2025-12-30;LLAMADA;INCOBRABLE_DECLARADO;Ximena Toro Pacheco
GES-000944;DOC-2025-04096;2025-12-30;EMAIL;SIN_RESPUESTA;Ximena Toro Pacheco
GES-001026;DOC-2025-03783;2025-12-30;EMAIL;INCOBRABLE_DECLARADO;Paula Zambrano Leiva
GES-000020;DOC-2025-02527;2025-12-31;EMAIL;SIN_RESPUESTA;Paula Zambrano Leiva
GES-000045;DOC-2025-02303;2025-12-31;VISITA;DISPUTA;Ximena Toro Pacheco
GES-000056;DOC-2025-02543;2025-12-31;LLAMADA;DISPUTA;Cristian Bravo Aguilera
GES-000060;DOC-2025-03404;2025-12-31;LLAMADA;SIN_RESPUESTA;Ximena Toro Pacheco
GES-000126;DOC-2025-02815;2025-12-31;EMAIL;INCOBRABLE_DECLARADO;Cristian Bravo Aguilera
GES-000235;DOC-2025-03887;2025-12-31;LLAMADA;SIN_RESPUESTA;Paula Zambrano Leiva
GES-000326;DOC-2025-04034;2025-12-31;EMAIL;SIN_RESPUESTA;Nataly Poblete Ruiz
GES-000348;DOC-2025-02564;2025-12-31;EMAIL;DISPUTA;Paula Zambrano Leiva
GES-000465;DOC-2025-04009;2025-12-31;CARTA_CERTIFICADA;COMPROMISO_PAGO;Hector Manriquez Salas
GES-000787;DOC-2025-04036;2025-12-31;LLAMADA;SIN_RESPUESTA;Ximena Toro Pacheco
